/30-05-10/
REPLACE INTO `SS_aux` (`id`, `parent`, `title`, `text`, `meta_title`, `meta_keywords`, `meta_desc`, `hurl`, `canonical`, `enable`, `thumbnail`, `sort`, `view_sub`, `post_date`, `post_modified`) VALUES ('1','0','Услуги','<p>tttttttt</p>\r\n','Услуги','','','ulgi/','','1','','0','1','2015-06-23 01:11:56','2015-06-26 22:43:48'),
 ('8','0','Информация','','1','','','1/','','1','','0','0','2015-06-25 22:38:10','2015-06-26 19:22:52'),
 ('9','8','О нас','','1.1','','','11/','','1','','8','0','2015-06-25 22:38:21','2015-06-26 19:23:02');
REPLACE INTO `SS_brand` (`brandID`, `name`, `comment`, `Pict`, `description`, `brief`, `meta_title`, `meta_keywords`, `meta_desc`, `hurl`, `canonical`) VALUES ('5','KingRoy','KingRoy','','','','','','','KingRoy/',''),
 ('6','SAMSUNG','','','','','','','','SAMSUNG/',''),
 ('7','Thomas','','','','','','','','Thomas/',''),
 ('8','Everest','','','','','','','','Everest/',''),
 ('10','Asus','','','','','','','','Asus/',''),
 ('11','Artline','','','','','','','','Artline/',''),
 ('12','Hoover','','','','','','','','Hoover/',''),
 ('13','Alloid','','','','','','','','Alloid/',''),
 ('14','InkPad','','','','','','','','InkPad/','');
REPLACE INTO `SS_categories` (`categoryID`, `name`, `parent`, `products_count`, `description`, `picture`, `products_count_admin`, `about`, `enabled`, `meta_title`, `meta_keywords`, `meta_desc`, `hurl`, `canonical`, `h1`, `hidden`) VALUES ('18','Ноутбуки и компьютеры','0','5','','kak-vybrat-noutbuk-14.jpg.pagespeed.ce.mPa93ZDr05.jpg','0','','1','','','',' Laptops-and-computers/','','Ноутбуки и компьютеры','0'),
 ('19','Компьютеры','18','3','','40main.jpeg','3','','1','','','','computers/','','Компьютеры','0'),
 ('20','Техника для кухни','0','2','','1464162954bytovajatehnikadljakuhni.jpg','0','','1','','','','tehnika_dlya_kuhni/','','Техника для кухни','0'),
 ('21','Холодильники','20','1','','Podborka2hkam1.jpg','1','','1','','','','holodilniki/','','Холодильники','0'),
 ('22','Инструмент','0','1','','instrument.jpg','0','','1','','','','instrument/','','Инструмент','0'),
 ('23','Наборы инструментов','22','1','','Screenshot13.png','1','','1','','','','naboryi_instrumentov/','','Наборы инструментов','0'),
 ('26','Ноутбуки','18','2','','notebooksbu.jpg','2','','1','','','','noutbuki/','','Ноутбуки','0'),
 ('27','Товары для дома','0','1','','Utensilsforcooking.jpg','1','','1','Товары для дома','Товары для дома','Товары для дома','tovaryi_dlya_doma/','','Товары для дома','0'),
 ('28','Электронные книги','0','1','','23.jpg','1','','1','Электронные книги','Электронные книги','Электронные книги','elektronnyie_knigi/','Электронные книги','Электронные книги','0'),
 ('30','Услуги','0','1','','04.jpg','1','','1','Услуги','Услуги','Услуги','uslugi/','Услуги','Услуги','0'),
 ('31','Стиральные машины','20','1','','images.jpg','1','','1','','','','stiralnyie_mashinyi/','','Стиральные машины','0'),
 ('32','Автозапчасти','0','0','','','0','','1','','','','avtozapchasti/','','Автозапчасти','0');
REPLACE INTO `SS_currency_types` (`CID`, `Name`, `code`, `currency_value`, `where2show`, `sort_order`, `currency_iso_3`) VALUES ('1','Рубли','руб.','1','1','0','RUB'),
 ('3','Грн','грн.','0','0','0','UAH');
REPLACE INTO `SS_manager` (`ID`, `manager`, `password`, `access`, `email`, `online_type`, `online_num`, `online_name`) VALUES ('1','Manager','234','1','manager@demo.ru','1','277888','Менеджер'),
 ('7','Operator','345','2','operator@demo.ru','2','operator@demo.ru','Оператор'),
 ('8','Administrator','456','3','admin@demo.ru','0','','Администратор');
REPLACE INTO `SS_menu` (`id`, `name`, `desc`) VALUES ('1','1111',''),
 ('2','правое меню','');
REPLACE INTO `SS_menu_element` (`id`, `id_menu`, `parent`, `id_elem`, `hurl`, `name`, `type`, `sort`) VALUES ('6','2','0','1','','','aux','0'),
 ('7','2','6','6','','','aux','1'),
 ('8','2','6','10','','','aux','3'),
 ('9','2','8','11','','','aux','4'),
 ('10','2','11','0','','LegoSP 6.2.11','url','3'),
 ('11','2','6','5','','','aux','2'),
 ('12','2','0','0','http://legosp-themes.ru','Проверка Санёк','url','1');
REPLACE INTO `SS_news` (`id`, `date`, `title`, `text`, `brief`, `Pict`, `enable`, `meta_title`, `meta_keywords`, `meta_desc`, `hurl`, `canonical`) VALUES ('3','2019-02-13','Открылся новый интернет-магазин','','','','1','','','','otkryilsya_novyiy_internet-magazin/','');
REPLACE INTO `SS_order_status` (`statusID`, `status_name`, `group_name`, `sort_order`) VALUES ('1','новый','Новые заказы','-9999'),
 ('2','выполнен','Выполненные заказы','9999'),
 ('3','Отложить','Отложеные','0');
REPLACE INTO `SS_pages` (`id`, `date`, `title`, `text`, `brief`, `Pict`, `enable`, `meta_title`, `meta_keywords`, `meta_desc`, `hurl`, `canonical`) VALUES ('2','2019-02-13','8 признаков хорошего интернет-магазина','<p>&nbsp;Сейчас многие покупают в интернет-магазинах &ndash; это быстро и удобно. В интернет-магазинах и цены часто ниже, чем в локальной рознице, и товары бывают такие, которые не так-то просто найти. Но покупать в интернет-магазине часто бывает страшно: платить-то надо сейчас, а товар придёт неизвестно когда. Да и отправят ли его вообще?</p>\r\n\r\n<p>Мы, как владельцы интернет-магазина, хорошо знаем всю внутреннюю кухню. И решили составить для вас список из 8 признаков хорошего и надёжного интернет-магазина, чтобы вы могли покупать онлайн без опаски. Чем больше этих признаков вы найдете у магазина, в котором собираетесь делать покупки &ndash; тем он надёжнее и лучше.</p>\r\n\r\n<p>1. На сайте есть контактные и регистрационные данные продавца<br />\r\nПример размещения контактной информации</p>\r\n\r\n<p>Первое, что стоит поискать на сайте &ndash; контактные данные. Это телефон, e-mail, название юридического лица и его реквизиты. Реквизиты юридического лица это такие непонятные аббревиатуры, как ИНН, КПП, ОГРН и банковские реквизиты. Разбираться вам в них нет никакой необходимости &ndash; если такая страница на сайте есть, то это хорошо.</p>\r\n\r\n<p>Иногда мошенники пишут название ООО или ИП, ОГРН, а такой фирмы и не существует вовсе. Это легко проверить на сайте налоговой: http://egrul.nalog.ru/. На этой странице вы можете ввести ОГРН или название организации и выяснить, существует такая организация или нет.</p>\r\n\r\n<p>2. Менеджеры интернет-магазина открыты к диалогу<br />\r\nХорошим признаком является открытость менеджеров к диалогу. Телефон для связи написан крупно и на видном месте, есть группы в социальных сетях, где можно найти профили менеджеров и связаться с ними.</p>\r\n\r\n<p>Хорошо, если на сайте есть онлайн-консультант &ndash; это небольшое окошко, где можно, не выходя с сайта, пообщаться с сотрудником магазина.</p>\r\n\r\n<p>Скорость ответов на email также говорит о заинтересованности менеджеров в работе с вами. Если компания серьёзная, то на письма должны приходить оперативные и вежливые ответы. Если вы не получаете ответ на письмо в течение недели, то можно задуматься, а когда вам отправят товар, если и на письмо не могут ответить.</p>\r\n\r\n<p>3. Сайт выглядит красиво и работает без серьёзных ошибок<br />\r\nТребования payanyway к сайту интернет-магазина</p>\r\n\r\n<p>Сайт для интернет-магазина &ndash; это его лицо, офис и рекламный щит. Если он сделан коряво &ndash; это повод задуматься о том, что с этим магазином не так. Вы ведь не покупаете еду в сомнительных магазинчиках в районах трущоб? Сайт должен быть красивым, стабильным и понятным.</p>\r\n\r\n<p>Также обычно стоит задуматься, если весь сайт состоит из одной единственной страницы, которая очень настойчиво призывает вас купить именно сейчас, не обдумывая покупку. Часто там есть таймер с обратным отсчетом, обещания скидок в 50% только в ближайшие три часа и так далее.</p>\r\n\r\n<p>В самих акциях с четким сроком окончания нет ничего плохого, но обычно таймер должен истекать, а акция &ndash; заканчиваться. Зайдите на этот сайт из другого браузера &ndash; и вы увидите, что обратный отсчет начался сначала. Все это должно вызвать у вас подозрение &ndash; скорее всего вас пытаются обмануть. В цене, в сроках доставки или в каких-то других нюансах &ndash; это выяснится уже в процессе.</p>\r\n\r\n<p>4. Телефоны на сайте работают, с вами вежливо и понятно разговаривают<br />\r\nТеперь настало время проверить, как с вами поговорят менеджеры магазина. Позвоните по телефону на сайте и задайте какой-нибудь несложный вопрос. Спросите, как быстро они отправят заказ, сколько будет стоить доставка или что-нибудь еще. Не важно, что эта информация уже есть на сайте. Вам важно услышать то, как вам будут отвечать.</p>\r\n\r\n<p>Ответы должны быть простыми, понятными, и отвечать вам должны вежливо. Если менеджер путается, говорит непонятно и пытается побыстрее закончить разговор &ndash; это минус и говорит о качестве сервиса.</p>\r\n\r\n<p>5. Отзывы<br />\r\nСтоит поискать отзывы об интернет-магазине. Они могут быть на сайте или в группах в соц.сетях &ndash; не важно где, где-нибудь они точно будут. Плохие или хорошие &ndash; не столь важно. Учитывайте, что отзывы оставляют обычно недовольные покупатели &ndash; если все хорошо, то человеку просто лень оставлять отзыв.</p>\r\n\r\n<p>Молчаливое одобрение &ndash; это нормально, а плохие отзывы могут рассказать о магазине и хорошее, особенно, если менеджеры отреагируют на них адекватно.</p>\r\n\r\n<p>Иногда на сайтах публикуют явно поддельные отзывы &ndash; их очень легко отличить от настоящих, достаточно подумать, оставили ли бы вы сами такой отзыв. Если нет &ndash; скорее всего отзыв поддельный.</p>\r\n\r\n<p>6. Удобные и безопасные способы оплаты<br />\r\nКак разместить информацию о способах оплаты</p>\r\n\r\n<p>В хорошем интернет-магазине должны быть страницы, на которых понятно описаны способы оплаты и условия доставки. В серьезных интернет-магазинах оплата происходит на самом сайте или на сайте платёжного агрегатора (это сайты, которые берут на себя перевод денег продавцу, из проверенных &ndash; это payanyway.ru, robokassa.ru, assist.ru).</p>\r\n\r\n<p>Если вместо удобной формы оплаты вы видите просто номера кошельков Яндекс. Деньги, Вебмани или Qiwi, на которые вам предлагают перевести деньги &ndash; это значит, что владелец интернет-магазина просто указал свой личный кошелек, и возврат денежных средств по заказу в случае чего не гарантирован. Такой платёж не безопасен и в принципе ни к чему не обязывает продавца, потому что он уходит не официальной компании, а физическому лицу.</p>\r\n\r\n<p>В хороших интернет-магазинах обычно есть возможность оплатить пластиковыми картами VISA и Mastercard &ndash; это наиболее безопасный и удобный для покупателя способ оплаты. В случае, если интернет-магазин окажется плохим, &ndash; вы легко сможете позвонить в банк и запросить отмену транзакции, что заставит банк разобраться в ситуации.</p>\r\n\r\n<p>7. Условия доставки товара<br />\r\nВыясните условия доставки товара. Во-первых, стоит узнать, какой транспортной компанией вам будут доставлять заказ: будет это Почта России, EMS или что-то еще. А во-вторых, откуда вам будет отправлена посылка: из России или из-за рубежа?</p>\r\n\r\n<p>Часто интернет-магазины торгуют тем товаром, которого у них нет на руках, но есть у их партнеров за рубежом. В таком магазине вы покупаете товар, а затем партнёр магазина отправляет вам товар из-за границы.</p>\r\n\r\n<p>Это называется drop shipping. С одной стороны это удобно, поскольку часто в таких магазинах очень большой выбор и довольно низкие цены. С другой стороны, товар может идти к вам течение 2-3 месяцев, и в конце концов прийти бракованным, а магазин не понесет никакой ответственности. Вам, возможно, вернут деньги, но кто оплатит месяцы ожидания и потраченные нервы?</p>\r\n\r\n<p>Лучше, если товар находится в России. Обычно это означает, что в течение недели-двух он окажется у вас, в каком бы уголке России вы ни находились. У нас в магазине в среднем доставка Почтой России занимает полторы недели и до двух недель, если это Дальний Восток.</p>\r\n\r\n<p>8. Гарантия, договор-оферта, соглашение о персональных данных<br />\r\nВ хороших интернет-магазинах чаще всего можно найти информацию о гарантии на товар. Это не обязательно &ndash; вас в любом случае защищает закон о защите прав потребителей. Но хорошо, если интернет-магазин это указывает.</p>\r\n\r\n<p>Также можно поискать договор-оферту, на условиях которого вы покупаете товар в интернет-магазине, и соглашение об обработке персональных данных. Вряд ли вы там найдете что-то интересное &ndash; обычно они типовые. Но хорошо, если интернет-магазин их выкладывает.</p>\r\n\r\n<p>Дополнительно: Магазин-группа Вконтакте/Facebook/Instagram<br />\r\nСложно что-то сказать о магазинах, которые реализованы как группы в социальных сетях (Facebook, Вконтакте, Instagram и других). Такая группа может оказаться как вполне надёжным интернет-магазином, просто реализованным внутри социальной сети. А может оказаться совершенно ненадёжным, а иногда мошенническим предприятием. В любом случае, все предыдущие 8 признаков можно применять и к таким магазинам. Не стесняйтесь проверить все, что описано выше &ndash; все это можно реализовать и в социальной сети, если владельцы конечно настроены серьезно.</p>\r\n\r\n<p>Особое внимание следует уделять наличию опубликованного договора-оферты. Именно договор-оферта и будет действовать, если вы что-то там закажете. Если ее нет &ndash; то вы просто перечислили деньги (или оплатили наложенный платеж) каким-то людям и надеетесь на их благородство в выполнении взятых на себя обязательств. Без договора-оферты вы вряд ли сможете предъявить какую-то претензию, например если товар окажется бракованным.</p>\r\n\r\n<p>Выводы<br />\r\nЧтобы обладать полной уверенностью в том, что интернет-магазин &ndash; хороший, вам придется попробовать что-то там заказать. Но эти 8 признаков помогут вам и до заказа понять, насколько достоин тот или иной магазин вашего доверия. Чем большим количеством признаков обладает интернет-магазин &ndash; тем больше ему можно доверять.</p>\r\n\r\n<p>Мы, в свою очередь, надеемся, что вы и наш магазин проверите по этим признакам. Хочется верить, что в нашем случае будут выполнены все восемь пунктов из восьми.</p>\r\n','','Интернет-магазин_640.png','1','','','','8_priznakov_horoshego_internet-magazina/','');
REPLACE INTO `SS_payment` (`payID`, `type`, `enabled`) VALUES ('1','qiwi','1'),
 ('2','robox','1'),
 ('3','inter','0'),
 ('4','sbrf','1'),
 ('5','all','0');
REPLACE INTO `SS_payoption` (`id`, `payID`, `payoption`, `payvalue`) VALUES ('1','0','enabled','1'),
 ('2','0','name','Оплата в системе qiwi'),
 ('3','0','addprice','2'),
 ('4','0','login','qiwi_login'),
 ('5','0','pass','qiwi_pass'),
 ('6','0','time','24'),
 ('7','0','enabled','1'),
 ('8','0','name','Оплата Robox'),
 ('9','0','addprice','1'),
 ('10','0','login','robox_login'),
 ('11','0','pass','robox_pass'),
 ('12','0','curr','WMRM'),
 ('13','0','name',''),
 ('14','0','addprice',''),
 ('15','0','login',''),
 ('16','0','pass',''),
 ('17','0','shopid',''),
 ('18','0','name',''),
 ('19','0','addprice',''),
 ('20','0','description',''),
 ('21','0','checkmobile','0'),
 ('22','1','enabled','1'),
 ('23','1','name','Qiwi'),
 ('24','1','addprice','1'),
 ('25','1','login','qiwi_login'),
 ('26','1','pass','qiwi_pass'),
 ('27','1','time','24'),
 ('28','2','enabled','1'),
 ('29','2','name','Robox'),
 ('30','2','addprice','1'),
 ('31','2','login','robox_login'),
 ('32','2','pass','robox_pass'),
 ('33','2','curr','WMRM'),
 ('34','3','enabled','1'),
 ('35','3','name',''),
 ('36','3','addprice',''),
 ('37','3','login',''),
 ('38','3','pass',''),
 ('39','3','shopid',''),
 ('40','4','enabled','1'),
 ('41','4','name','Сбербанк'),
 ('42','4','addprice','0'),
 ('43','5','description','Оплата по счету № %orderid% на сумму %ordertotal% в интернет магазине Legosp \"Lego Edition\"'),
 ('44','1','checkmobile','0');
REPLACE INTO `SS_product_options` (`optionID`, `name`, `sort_order`) VALUES ('3','Длинна','0'),
 ('4','Ширина','0'),
 ('5','Цвет','0');
REPLACE INTO `SS_product_options_values` (`variantID`, `productID`, `optionID`, `price_surplus`, `default`, `picture`, `count`) VALUES ('1','128','2','0','1','','0'),
 ('6','133','4','345','1','','0'),
 ('7','133','4','3453','0','','0'),
 ('8','133','4','34345','0','','0'),
 ('3','132','3','0','1','','0'),
 ('10','135','5','100','1','','0'),
 ('10','150','5','1000','0','','100'),
 ('11','150','5','5000','0','','100'),
 ('12','150','5','0','1','','100'),
 ('6','9','4','10','1','BURTON_Power-9-p6','95'),
 ('7','9','4','30','0','','100'),
 ('8','9','4','20','0','','100'),
 ('3','9','3','30','1','','95'),
 ('9','9','3','20','0','','100'),
 ('10','9','5','100','0','BURTON_Power-9-p10','100'),
 ('11','9','5','200','1','','97');
REPLACE INTO `SS_products` (`productID`, `categoryID`, `name`, `description`, `customers_rating`, `Price`, `picture`, `in_stock`, `thumbnail`, `customer_votes`, `items_sold`, `big_picture`, `enabled`, `brief_description`, `list_price`, `product_code`, `hurl`, `accompanyID`, `brandID`, `meta_title`, `meta_keywords`, `meta_desc`, `canonical`, `h1`, `yml`, `min_qunatity`, `managerID`) VALUES ('1','0','Toyota Land Cruiser 100','<p><br />\r\n<span style=\"color: rgb(0, 0, 128);\"><strong>Land Cruiser 200</strong></span> - флагман внедорожного модельного ряда Toyota. Большой вседорожник с индексом 200 сменил популярную модель &laquo;Ленд Крузер 100&raquo;. При неоднозначной внешности автомобиль может стать настоящем Королем дорог и бездорожья, коим его величают в рекламных проспектах. Для этого есть все необходимое: вместительный кузов, мощные силовые агрегаты (бензиновый и дизельный V8 объемом 4,7 и 4,5 литра с 5- и 6-ступенчатыми АКП, 284 и 232 л.с.), полный привод и система управления автомобилем при езде на малой скорости Crawl Control. С этим сочетаются высочайший уровень комфорта и легендарная &laquo;тойотовская&raquo; надежность.</p>','4.05333','3754200.00','toyota-land-cruiser-100-1.jpg','11','toyota-land-cruiser-100-1-S.jpg','15','23','toyota-land-cruiser-100-1-B.jpg','1','<p>Внедорожник от Toyota!&nbsp;</p>','695000.00','','toyota-land-cruiser-100-1/','','2','Toyota Land Cruiser 100','Toyota Land Cruiser 100','Toyota Land Cruiser 100','','Toyota H1','1','1','0'),
 ('4','0','Lexus GS300','<p>Модель GS300.\r\n \r\n \r\n \r\n Сродни Mercedes E-классу</p>','4.05385','273954.00','lexus-gs300-4.jpg','1','lexus-gs300-4-S.jpg','13','6','lexus-gs300-4-B.jpg','1','','50510.00','','lexus-gs300-4/','','0','Lexus GS300','Lexus GS300','Lexus GS300','','Lexus GS300','1','1','0'),
 ('6','0','BURTON Balance','','5','15421.44','848_Bur_Bal_157,5_m.gif','9','491_Bur_Bal_157,5_m_small.jpg','1','1','','0','','2633.60','','burton-balance-6/','','0','BURTON Balance','BURTON Balance','BURTON Balance','','BURTON Balance','1','1','0'),
 ('7','0','Samsung R200','<p>Размеры: 113x48x22 мм со стандартной батареей<br />\r\nВес: 99/97 г. со стандартной батареей</p>\r\n<p>Время работы:<br />\r\n- В режиме ожидания: до 150 часов<br />\r\n- В режиме разговора: до 6 часов<br />\r\nАктивный флип (R200)<br />\r\n<font color=\"purple\">MMS</font> - Возможность отправлять и принимать мультимедийные сообщения с картинками и анимацией, а также обмениваться мелодиями для входящих звонков!<br />\r\n<br />\r\n<a class=\"small\" href=\"http://www.sotovik.ru\">\r\n \r\n \r\n Подготовлено по материалам &quot;Сотовик&quot;\r\n \r\n \r\n www.sotovik.ru \r\n \r\n \r\n </a></p>','2','12721.68','821_sghr200.jpg','5','0','2','-1','','1','','2133.65','','samsung-r200-7/','','3','Samsung R200','Samsung R200','Samsung R200','','Samsung R200','1','1','0'),
 ('8','0','Samsung N100','<p>Размеры: 105x42x17.5 мм со стандартной батареей<br />\r\nВес: 83 г. со стандартной батареей<br />\r\nВремя работы:<br />\r\n(Slim 500 mAh / Standard Li-Ion 800 mAh )<br />\r\n- В режиме ожидания: до 55/90 часов<br />\r\n- В режиме разговора: до 2.5/3.5 часов<br />\r\nАктивный флип<br />\r\nГрафический высококонтрастный дисплей :<br />\r\n128 x 64 пикселя\r\n \r\n \r\n 4 строки x 16 символов  + строка иконок<br />\r\n3 размера шрифта<br />\r\n<br />\r\n<a class=\"small\" href=\"http://www.sotovik.ru\">\r\n \r\n \r\n Подготовлено по материалам &quot;Сотовик&quot;\r\n \r\n \r\n www.sotovik.ru \r\n \r\n \r\n </a></p>','2.25','12935.58','867_sghn100.jpg','2','0','2','4','','1','','2173.25','','samsung-n100-8/','','3','Samsung N100','Samsung N100','Samsung N100','','Samsung N100','1','1','0'),
 ('9','19',' ARTLINE Business B21 v08 (B21v08)','<p style=\"margin: 0px 0px 20px; padding: 0px; line-height: 1.42857em; font-size: 14.0014px; color: rgb(77, 75, 75); font-family: Arial, Helvetica, FreeSans, &quot;Liberation Sans&quot;, &quot;Nimbus Sans L&quot;, sans-serif;\">Персональный компьютер&nbsp;<b>ARTLINE Business</b>&nbsp;создан для продуктивной работы. Он обладает минимальным потреблением энергии и высокой производительностью, что позволяет вам с минимальными затратами эффективно выполнять бизнес задачи.</p>\r\n\r\n<p style=\"margin: 0px 0px 20px; padding: 0px; line-height: 1.42857em; font-size: 14.0014px; color: rgb(77, 75, 75); font-family: Arial, Helvetica, FreeSans, &quot;Liberation Sans&quot;, &quot;Nimbus Sans L&quot;, sans-serif;\">Компьютер&nbsp;<b>Artline Business B21v08</b>&nbsp;станет для вас надежным компаньоном в решении офисных задач. Он воплощает в себе все, чего вы ждете от офисного компьютера: долговечность, производительность, экономичность, простоту использования и обслуживания.<br />\r\n<span id=\"copyinfo\" style=\"position: absolute; overflow: hidden; width: 1px; height: 1px;\">Подробнее:&nbsp;<a href=\"https://hard.rozetka.com.ua/artline_business_b21_v08/p58999306/\" style=\"text-decoration-line: none; outline: 0px; color: rgb(157, 95, 175);\">https://hard.rozetka.com.ua/artline_business_b21_v08/p58999306/</a></span></p>\r\n','5','5299.00','ARTLINE_Business_B21_v08_B21v08-9.jpg','104','ARTLINE_Business_B21_v08_B21v08-9-S.jpg','2','-3','ARTLINE_Business_B21_v08_B21v08-9-B.jpg','1','<p><span style=\"color: rgb(77, 75, 75); font-family: Arial, Helvetica, FreeSans, &quot;Liberation Sans&quot;, &quot;Nimbus Sans L&quot;, sans-serif; font-size: 14.0014px;\">Персональный компьютер&nbsp;</span><b style=\"color: rgb(77, 75, 75); font-family: Arial, Helvetica, FreeSans, &quot;Liberation Sans&quot;, &quot;Nimbus Sans L&quot;, sans-serif; font-size: 14.0014px;\">ARTLINE Business</b><span style=\"color: rgb(77, 75, 75); font-family: Arial, Helvetica, FreeSans, &quot;Liberation Sans&quot;, &quot;Nimbus Sans L&quot;, sans-serif; font-size: 14.0014px;\">&nbsp;создан для продуктивной работы. Он обладает минимальным потреблением энергии и высокой производительностью, что позволяет вам с минимальными затратами эффективно выполнять бизнес задачи.</span></p>\r\n','5800.00','159','business/','','11','ARTLINE Business - Legosp','ARTLINE Business','ARTLINE Business','','ARTLINE Business','1','1','-1'),
 ('17','0','Nokia 9210','            <ul>\r\n               <li>Двухстандартный  (EGSM 900 / GSM 1800)</li>\r\n             </ul>\r\n             <!--h5>Механические характеристики</h5>\r\n <ul>\r\n   <li>\r\n (базовые характеристики \"размеры\" и\r\n     \"вес\" вынесены в отдельные поля;\r\n     здесь - дополнительные характеристики)</li>\r\n </ul-->\r\n             <h5>Дисплей</h5>\r\n             <ul>\r\n               <li>2 дисплея</li>\r\n               <li>Графический цветной дисплей - 4096\r\n                 цветов</li>\r\n               <li>Монохромный на внешней стороне</li>\r\n             </ul>\r\n             <h5>PDA</h5>\r\n             <ul>\r\n               <li>32-bit RISC процессор ARM9</li>\r\n               <li>Операционная система EPOC</li>\r\n               <li>Слот расширения памяти стандарта\r\n                 MultiMediaCard</li>\r\n               <li>Телефонная книга, Задачи,\r\n                 Расписание, Факс, E-mail, Internet-браузер,\r\n                 WAP-браузер, текстовый редактор,\r\n                 электронная таблица, просмотр\r\n                 презентаций</li>\r\n               <li>Конверторы файлов для основных\r\n                 офисных программ в формат\r\n                 встроенных программ для EPOC</li>\r\n               <li>Совместимость с Lotus Notes & Organizer, MS\r\n                 Outlook</li>\r\n               <li>Проигрыватель видеороликов и\r\n                 звуковых файлов<br>\r\n </li>\r\n             </ul>\r\n             <h5 align=\"center\"> </h5>\r\n             <h5>E-mail</h5>\r\n             <ul>\r\n               <li>Поддержка POP3, IMAP4 и SMTP</li>\r\n               <li>Поддерживает присоединенные\r\n                 файлы наиболее популярных\r\n                 форматов, включая MS Office, звуковые и\r\n                 графические файлы, архиваторы (DOS,\r\n                 Windows, Unix)<br>\r\n </li>\r\n             </ul>\r\n             <h5>Клавиатура</h5>\r\n             <ul>\r\n               <li>Телефонная и PC клавиатуры</li>\r\n               <li>Ответ на звонок любой кнопкой</li>\r\n               <li>Стирание последнего символа или\r\n                 всего экрана</li>\r\n               <li>Код выхода на международную сеть (+)</li>\r\n               <li>Звуковая индикация нажатия</li>\r\n             </ul>\r\n             <h5>Управление звуковыми сигналами</h5>\r\n             <ul>\r\n               <li>Различные тоны и мелодии</li>\r\n               <li>Бесшумный вызов</li>\r\n               <li>Виброзвонок</li>\r\n               <li>Различные уровни громкости,\r\n                 включая бесшумный</li>\r\n               <li>Различные сигналы и уровни\r\n                 сигнала для SMS</li>\r\n               <li>Программируемая мелодия вызова</li>\r\n             </ul>\r\n             <h5>Безопасность и учет разговоров</h5>\r\n             <ul>\r\n               <li>Блокировка клавиатуры</li>\r\n               <li>Предупреждения и ограничения</li>\r\n               <li>Код доступа к телефону</li>\r\n               <li>PIN1, PIN2</li>\r\n               <li>Контроль времени звонка</li>\r\n               <li>Запрет вызовов</li>\r\n             </ul>\r\n             <h5>Интерфейс пользователя</h5>\r\n             <ul>\r\n               <li>Поддержка русского языка в меню</li>\r\n               <li>Настраиваемое меню</li>\r\n               <li>Настраиваемые профили</li>\r\n             </ul>\r\n             <h5>Органайзер</h5>\r\n             <ul>\r\n               <li>Часы</li>\r\n               <li>Будильник</li>\r\n               <li>Секундомер</li>\r\n               <li>Калькулятор</li>\r\n               <li>Таймер</li>\r\n             </ul>\r\n             <h5>Память</h5>\r\n             <ul>\r\n               <li>Телефонная книга в памяти\r\n                 телефона и на SIM-карте</li>\r\n               <li>Выбор номера из телефонной книги\r\n                 при отправке сообщений</li>\r\n               <li>Извлечение и запись номера\r\n                 отправителя в телефонную книгу</li>\r\n               <li>Показ номера абонента или имени\r\n                 как заголовок сообщения</li>\r\n               <li>Автоматическое запоминание\r\n                 последних<br>\r\n                 - входящих звонков,<br>\r\n                 - исходящих звонков и<br>\r\n                 - оставшихся без ответа звонков</li>\r\n             </ul>\r\n             <h5>Управление звонками</h5>\r\n             <ul>\r\n               <li>Голосовой набор</li>\r\n               <li>Голосовой \"прием звонка\"</li>\r\n               <li>Автодозвон</li>\r\n               <li>Конфернц-связь</li>\r\n               <li>Ускоренный набор номера</li>\r\n               <li>Звонки по номерам из памяти и\r\n                 телефонной книги</li>\r\n               <li>Ожидание и удержание звонка</li>\r\n               <li>Переадресация звонков</li>\r\n               <li>Идентификация имени и номера\r\n                 звонящего</li>\r\n               <li>Автоматический и ручной выбор\r\n                 сети</li>\r\n             </ul>\r\n             <h5>SMS</h5>\r\n             <ul>\r\n               <li>Прием/отправка сообщений длиной\r\n                 до 160 символов</li>\r\n               <li>Дата/время для принятых сообщений</li>\r\n               <li>Извлечение номера и имени\r\n                 отправителя из полученного\r\n                 сообщения</li>\r\n               <li>Подтверждение доставки сообщения</li>\r\n               <li>Звонок отправителю сообщения</li>\r\n               <li>Cell Broadcast</li>\r\n             </ul>\r\n             <h5>Передача данных</h5>\r\n             <ul>\r\n               <li>HSCSD - до 43.2 kB/s</li>\r\n               <li>IrDA</li>\r\n             </ul>\r\n             <h5>WAP</h5>\r\n             <ul>\r\n               <li>WAP браузер v1.1</li>\r\n             </ul>\r\n             <h5>Передача речи</h5>\r\n             <ul>\r\n               <li>Три кодека речи<br>\r\n                 - полускоростной режим Half Rate,<br>\r\n                 - полноскоростной режим Full Rate<br>\r\n                 - улучшенное качество речи Enhanced Full\r\n                 Rate</li>\r\n             </ul>\r\n \r\n             <h5>Дополнительные возможности</h5>\r\n             <ul>\r\n               <li>Предиктивный набор текста</li>\r\n             </ul>\r\n <h5>Русификатор</h5>\r\n             <ul>\r\n               <li>Paragon Software (SHDD) продолжает кампанию по бесплатному распространению\r\n   системы русификации RUNOkia для GSM коммуникаторов Nokia 9210 Communicator. Более подробно почитать\r\n   о данном продукте и заполнить форму для его получения Вы сможете по следующему адресу: \r\n <a href=\"http://russia.penreader.com/runokia.htm\">russia.penreader.com/runokia.htm</a></li>\r\n             </ul>\r\n <a class=small href=\"http://www.sotovik.ru\">\r\n Подготовлено по материалам \"Сотовик\"\r\n www.sotovik.ru \r\n </a>','0','16292.82','960_n92104.jpg','10','937_n92104_small.jpg','0','0','','1','','2794.97','','nokia-9210-17/','','0','Nokia 9210','Nokia 9210','Nokia 9210','','Nokia 9210','1','1','0'),
 ('18','0','Nokia 6310','            <ul>\r\n               <li>Двухстандартный (EGSM 900/GSM 1800)</li>\r\n             </ul>\r\n             <!--h5>Механические характеристики</h5>\r\n <ul>\r\n   <li>\r\n (базовые характеристики \"размеры\" и\r\n     \"вес\" вынесены в отдельные поля;\r\n     здесь - дополнительные характеристики)</li>\r\n </ul-->\r\n             <h5>Дисплей</h5>\r\n             <ul>\r\n               <li>Графический высококонтрастный\r\n                 дисплей</li>\r\n               <li>Разрешение 96x60 пикселей</li>\r\n             </ul>\r\n             <h5>Клавиатура</h5>\r\n             <ul>\r\n               <li>Автоматическая и ручная\r\n                 блокировка</li>\r\n               <li>Ответ на звонок любой кнопкой</li>\r\n               <li>Стирание последнего символа или\r\n                 всего экрана</li>\r\n               <li>Код выхода на международную сеть (+)</li>\r\n               <li>Звуковая индикация нажатия</li>\r\n             </ul>\r\n             <h5>Органайзер</h5>\r\n             <ul>\r\n               <li>Часы и дата</li>\r\n               <li>Будильник</li>\r\n               <li>Секундомер</li>\r\n               <li>Калькулятор</li>\r\n               <li>Конвертер валют</li>\r\n               <li>Список задач/встреч с\r\n                 напоминанием</li>\r\n               <li>Синхронизация с ПК, в том числе\r\n                 SyncML over WAP</li>\r\n             </ul>\r\n             <!--h5>Персонализация</h5>\r\n <ul>\r\n   <li>\r\n (что можно настроить под\r\n     пользователя - напр, приветствие, мелодии,...)</li>\r\n </ul-->\r\n             <h5>Безопасность и учет разговоров</h5>\r\n             <ul>\r\n               <li>Блокировка клавиатуры</li>\r\n               <li>Предупреждения и ограничения</li>\r\n               <li>Код доступа к телефону</li>\r\n               <li>PIN1, PIN2</li>\r\n               <li>Контроль времени звонка</li>\r\n               <li>Запрет вызовов</li>\r\n             </ul>\r\n             <h5>Интерфейс пользователя</h5>\r\n             <ul>\r\n               <li>Голосовой набор номера</li>\r\n               <li>Голосовые команды</li>\r\n               <li>Автоматический выбор языка, в\r\n                 зависимости от SIM карты</li>\r\n               <li>Поддержка русского языка в меню</li>\r\n               <li>Настраиваемое меню</li>\r\n               <li>Анимация в меню</li>\r\n               <li>Настраиваемые профили</li>\r\n             </ul>\r\n             <h5>Память</h5>\r\n             <ul>\r\n               <li>Телефонная книга: 500 номеров в\r\n                 памяти телефона + память SIM-карты</li>\r\n               <li>Выбор номера из телефонной книги\r\n                 при отправке сообщений</li>\r\n               <li>Извлечение и запись номера\r\n                 отправителя в телефонную книгу</li>\r\n               <li>Показ номера абонента или имени\r\n                 как заголовок сообщения</li>\r\n               <li>Разные возможности навигации и\r\n                 поиска в телефонной книге</li>\r\n               <li>Автоматическое запоминание\r\n                 последних<br>\r\n                 - 10 входящих звонков,<br>\r\n                 - 10 исходящих звонков и<br>\r\n                 - 10 оставшихся без ответа звонков<br>\r\n                 с фиксацией время звонка</li>\r\n             </ul>\r\n             <!--h5>Функции набора номера</h5>\r\n <ul>\r\n   <li>(голосовой,\r\n     сокращенный, ...)</li>\r\n </ul-->\r\n             <h5>Управление звонками</h5>\r\n             <ul>\r\n               <li>Ускоренный набор номера</li>\r\n               <li>Голосовой набор</li>\r\n               <li>Звонки по номерам из памяти и\r\n                 телефонной книги</li>\r\n               <li>Конфернц-связь</li>\r\n               <li>Ожидание и удержание звонка</li>\r\n               <li>Переадресация звонков</li>\r\n               <li>Идентификация имени и номера\r\n                 звонящего</li>\r\n               <li>Автоматический и ручной выбор\r\n                 сети</li>\r\n             </ul>\r\n             <h5>Передача речи</h5>\r\n             <ul>\r\n               <li>Три кодека речи<br>\r\n                 - полускоростной режим Half Rate,<br>\r\n                 - полноскоростной режим Full Rate<br>\r\n                 - улучшенное качество речи Enhanced Full\r\n                 Rate</li>\r\n             </ul>\r\n             <h5>Функции, зависящие от сети</h5>\r\n             <ul>\r\n               <li>Поддержка функций GSM Phase 2 +</li>\r\n             </ul>\r\n             <h5>Передача данных</h5>\r\n             <ul>\r\n               <li>Поддержка факс-модемной связи до\r\n                 9600 бод</li>\r\n               <li>IrDA</li>\r\n               <li>Управление с ПК телефонной\r\n                 книжкой и SMS</li>\r\n             </ul>\r\n             <h5>HSCSD</h5>\r\n             <ul>\r\n               <li>43.2 кБод</li>\r\n             </ul>\r\n             <h5>GPRS</h5>\r\n             <h5>Bluetooth</h5>\r\n             <ul>\r\n               <li>Возможность использовать разные\r\n                 аксессуары</li>\r\n               <li>Возможность использовать телефон\r\n                 как PC-модем через Bluetooth-USB коннектор</li>\r\n               <li>Радиус действия до 10 метров</li>\r\n             </ul>\r\n             <h5>SMS</h5>\r\n             <ul>\r\n               <li>Прием/отправка сообщений длиной\r\n                 до 160 символов</li>\r\n               <li>Дата/время для принятых сообщений</li>\r\n               <li>Извлечение номера и имени\r\n                 отправителя из полученного\r\n                 сообщения</li>\r\n               <li>Подтверждение доставки сообщения</li>\r\n               <li>Звонок отправителю сообщения</li>\r\n               <li>Cell Broadcast</li>\r\n               <li>Упрощенное написание SMS (T9 system)</li>\r\n             </ul>\r\n             <h5>WAP</h5>\r\n             <ul>\r\n               <li>WAP браузер v1.2.1<br>\r\n                 - push-технологии<br>\r\n                 - cookies<br>\r\n                 - Wireless Telephony Application Interface -\r\n                 возможность делать звонок с WAP-сайта<br>\r\n                 - возможность записывать\r\n                 информацию с WAP-сайта\r\n                 непосредственно в адресную книгу<br>\r\n               </li>\r\n             </ul>\r\n             <!--h5>Bluetooth</h5>\r\n <ul>\r\n   <li>()</li>\r\n </ul-->\r\n             <h5>Дополнительные возможности</h5>\r\n             <ul>\r\n               <li>Диктофон</li>\r\n               <li>SIM Application Toolkit</li>\r\n               <li>Игры</li>\r\n               <li>3 комбинации корпуса</li>\r\n             </ul>\r\n <a class=small href=\"http://www.sotovik.ru\">\r\n Подготовлено по материалам \"Сотовик\"\r\n www.sotovik.ru \r\n </a>','3.95','13470.12','524_n6310.jpg','0','644_n6310_small.jpg','4','0','','1','','2272.25','','nokia-6310-18/','','0','Nokia 6310','Nokia 6310','Nokia 6310','','Nokia 6310','1','1','0'),
 ('19','0','Nokia 8310','            <ul>                <li>Двухстандартный (EGSM 900/GSM 1800)</li>              </ul>              <!--h5>Механические характеристики</h5>  <ul>    <li>  (базовые характеристики \"размеры\" и      \"вес\" вынесены в отдельные поля;      здесь - дополнительные характеристики)</li>  </ul-->              <h5>Дисплей</h5>              <ul>                <li>Графический высококонтрастный                  дисплей</li>                <li>До 5 строк текста</li>                <li>Голубая подсветка</li>              </ul>              <h5>Клавиатура</h5>              <ul>                <li>Спаренная навигационная клавиша</li>                <li>Автоматическая и ручная                  блокировка</li>                <li>Ответ на звонок любой кнопкой</li>                <li>Стирание последнего символа или                  всего экрана</li>                <li>Код выхода на международную сеть (+)</li>                <li>Звуковая индикация нажатия</li>              </ul>              <h5>Органайзер</h5>              <ul>                <li>Часы и дата</li>                <li>Будильник</li>                <li>Калькулятор</li>                <li>Конвертер валют</li>                <li>Список задач/встреч с                  напоминанием</li>              </ul>              <!--h5>Персонализация</h5>  <ul>    <li>  (что можно настроить под      пользователя - напр, приветствие, мелодии,...)</li>  </ul-->              <h5>Безопасность и учет разговоров</h5>              <ul>                <li>Блокировка клавиатуры</li>                <li>Предупреждения и ограничения</li>                <li>Код доступа к телефону</li>                <li>PIN1, PIN2</li>                <li>Контроль времени звонка</li>                <li>Запрет вызовов</li>              </ul>              <h5>Интерфейс пользователя</h5>              <ul>                <li>Голосовой набор номера</li>                <li>Голосовые команды</li>                <li>Автоматический выбор языка, в                  зависимости от SIM карты</li>                <li>Поддержка русского языка в меню</li>                <li>Настраиваемое меню</li>                <li>Анимация в меню</li>                <li>Настраиваемые профили</li>              </ul>              <h5>Память</h5>              <ul>                <li>Телефонная книга: 250 номеров в                  памяти телефона + память SIM-карты</li>                <li>Выбор номера из телефонной книги                  при отправке сообщений</li>                <li>Извлечение и запись номера                  отправителя в телефонную книгу</li>                <li>Показ номера абонента или имени                  как заголовок сообщения</li>                <li>Разные возможности навигации и                  поиска в телефонной книге</li>                <li>Автоматическое запоминание                  последних<br>                  - 10 входящих звонков,<br>                  - 10 исходящих звонков и<br>                  - 10 оставшихся без ответа звонков<br>                  с фиксацией время звонка</li>              </ul>              <!--h5>Функции набора номера</h5>  <ul>    <li>(голосовой,      сокращенный, ...)</li>  </ul-->              <h5>Управление звонками</h5>              <ul>                <li>Ускоренный набор номера</li>                <li>Голосовой набор</li>                <li>Звонки по номерам из памяти и                  телефонной книги</li>                <li>Конфернц-связь</li>                <li>Ожидание и удержание звонка</li>                <li>Переадресация звонков</li>                <li>Идентификация имени и номера                  звонящего</li>                <li>Автоматический и ручной выбор                  сети</li>              </ul>              <h5>Передача речи</h5>              <ul>                <li>Три кодека речи<br>                  - полускоростной режим Half Rate,<br>                  - полноскоростной режим Full Rate<br>                  - улучшенное качество речи Enhanced Full                  Rate</li>              </ul>              <h5>Функции, зависящие от сети</h5>              <ul>                <li>Поддержка функций GSM Phase 2 +</li>              </ul>              <h5>Передача данных</h5>              <ul>                <li>Поддержка факс-модемной связи до                  9600 бод</li>                <li>IrDA</li>                <li>Управление с ПК телефонной                  книжкой и SMS</li>              </ul>              <h5>GPRS</h5>              <h5>SMS</h5>              <ul>                <li>Прием/отправка сообщений длиной                  до 160 символов</li>                <li>Дата/время для принятых сообщений</li>                <li>Извлечение номера и имени                  отправителя из полученного                  сообщения</li>                <li>Подтверждение доставки сообщения</li>                <li>Звонок отправителю сообщения</li>                <li>Cell Broadcast</li>                <li>Упрощенное написание SMS (T9 system)</li>              </ul>              <h5>WAP</h5>              <ul>                <li>WAP браузер v1.2.1<br>                  - push-технологии<br>                  - cookies<br>                  - Wireless Telephony Application Interface -                  возможность делать звонок с WAP-сайта<br>                  - возможность записывать                  информацию с WAP-сайта                  непосредственно в адресную книгу<br>                </li>              </ul>              <!--h5>Bluetooth</h5>  <ul>    <li>()</li>  </ul-->              <h5>Дополнительные возможности</h5>              <ul>                <li>Диктофон</li>                <li>SIM Application Toolkit</li>                <li>Игры</li>                <li>9 комбинаций корпуса</li>              </ul>  <a class=small href=\"http://www.sotovik.ru\">  Подготовлено по материалам \"Сотовик\"  www.sotovik.ru   </a>','4.5','13598.46','561_n8310.jpg','92','596_n8310_small.jpg','13','0','','1','это краткое описание....','2296.01','','nokia-8310-19/','','0','Nokia 8310','Nokia 8310','Nokia 8310','','Nokia 8310','1','1','0'),
 ('20','0','Nokia 3310','            <ul>\r\n               <li>Двухстандартный (EGSM 900/GSM 1800)</li>\r\n             </ul>\r\n             <!--h5>Механические характеристики</h5>\r\n <ul>\r\n   <li>\r\n (базовые характеристики \"размеры\" и\r\n     \"вес\" вынесены в отдельные поля;\r\n     здесь - дополнительные характеристики)</li>\r\n </ul-->\r\n             <h5>Дисплей</h5>\r\n             <ul>\r\n               <li>Графический высококонтрастный\r\n                 дисплей</li>\r\n               <li>Разрешение 84x48 пикселя</li>\r\n               <li>Индикаторы:\r\n                 <ul>\r\n                   <li>напряженность поля</li>\r\n                 </ul>\r\n                 <ul>\r\n                   <li>уровень заряд батареи</li>\r\n                   <li>голосовое сообщение</li>\r\n                   <li>текстовое сообщение</li>\r\n                   <li>роуминг и др.</li>\r\n                 </ul>\r\n               </li>\r\n             </ul>\r\n             <h5>Клавиатура</h5>\r\n             <ul>\r\n               <li>Многоцелевая\r\n                 клавиша Nokia Navi</li>\r\n               <li>Ответ на звонок любой кнопкой</li>\r\n               <li>Стирание последнего символа или\r\n                 всего экрана</li>\r\n               <li>Код выхода на международную сеть (+)</li>\r\n               <li>Звуковая индикация нажатия</li>\r\n             </ul>\r\n             <h5>Органайзер</h5>\r\n             <ul>\r\n               <li>Часы и дата</li>\r\n               <li>Будильник</li>\r\n               <li>Секундомер</li>\r\n               <li>Калькулятор</li>\r\n               <li>Конвертер валют</li>\r\n               <li>Список на 10 задач/встреч с\r\n                 напоминанием</li>\r\n             </ul>\r\n             <!--h5>Персонализация</h5>\r\n <ul>\r\n   <li>\r\n (что можно настроить под\r\n     пользователя - напр, приветствие, мелодии,...)</li>\r\n </ul-->\r\n             <h5>Безопасность и учет разговоров</h5>\r\n             <ul>\r\n               <li>Блокировка клавиатуры</li>\r\n               <li>Предупреждения и ограничения</li>\r\n               <li>Код доступа к телефону</li>\r\n               <li>PIN1, PIN2</li>\r\n               <li>Контроль времени звонка</li>\r\n               <li>Запрет вызовов</li>\r\n             </ul>\r\n             <h5>Интерфейс пользователя</h5>\r\n             <ul>\r\n               <li>Автоматический выбор языка, в\r\n                 зависимости от SIM карты</li>\r\n               <li>Меню и предиктивный ввод\r\n                 текста - 11 европейских языков +\r\n                 китайский</li>\r\n               <li>Настраиваемое меню</li>\r\n               <li>Анимация в меню</li>\r\n               <li>Голосовой набор - 8 ячеек</li>\r\n               <li>Скринсейверы</li>\r\n               <li>SMS-чат</li>\r\n             </ul>\r\n             <h5>Управление звуковыми сигналами</h5>\r\n             <ul>\r\n               <li>7 различных тонов и 35 мелодий</li>\r\n               <li>Бесшумный вызов</li>\r\n               <li>Виброзвонок</li>\r\n               <li>Различные уровни громкости,\r\n                 включая бесшумный</li>\r\n               <li>Различные сигналы и уровни\r\n                 сигнала для SMS</li>\r\n               <li>Программируемая мелодия вызова</li>\r\n             </ul>\r\n             <h5>Управление звонками</h5>\r\n             <ul>\r\n               <li>Ускоренный набор номера (9 ячеек,\r\n                 \"1\"\r\n                 - всегда голосовая почта)</li>\r\n               <li>Звонки по номерам из памяти и\r\n                 телефонной книги</li>\r\n               <li>Конфернц-связь</li>\r\n               <li>Ожидание и удержание звонка</li>\r\n               <li>Переадресация звонков</li>\r\n               <li>Идентификация имени и номера\r\n                 звонящего</li>\r\n               <li>Автоматический и ручной выбор\r\n                 сети</li>\r\n               <li>Автоматическое добавление кода\r\n                 выхода на международную сеть</li>\r\n             </ul>\r\n             <h5>Память</h5>\r\n             <ul>\r\n               <li>Телефонная книга: до 255 номеров в\r\n                 памяти SIM-карты</li>\r\n               <li>Профили, с возможностью создания\r\n                 новых</li>\r\n               <li>Закрытая группа пользователей</li>\r\n               <li>Выбор номера из телефонной книги\r\n                 при отправке сообщений</li>\r\n               <li>Извлечение и запись номера\r\n                 отправителя в телефонную книгу</li>\r\n               <li>Показ номера абонента или имени\r\n                 как заголовок сообщения</li>\r\n               <li>Разные возможности навигации и\r\n                 поиска в телефонной книге</li>\r\n               <li>Автоматическое запоминание\r\n                 последних<br>\r\n                 - 10 входящих звонков,<br>\r\n                 - 10 исходящих звонков и<br>\r\n                 - 10 оставшихся без ответа звонков<br>\r\n                 с фиксацией время звонка</li>\r\n             </ul>\r\n             <!--h5>Функции набора номера</h5>\r\n <ul>\r\n   <li>(голосовой,\r\n     сокращенный, ...)</li>\r\n </ul-->\r\n             <h5>Передача речи</h5>\r\n             <ul>\r\n               <li>Три кодека речи<br>\r\n                 - полускоростной режим Half Rate,<br>\r\n                 - полноскоростной режим Full Rate<br>\r\n                 - улучшенное качество речи Enhanced Full\r\n                 Rate</li>\r\n             </ul>\r\n             <h5>Функции, зависящие от сети</h5>\r\n             <ul>\r\n               <li>Поддержка функций GSM Phase 2 +</li>\r\n               <li>Конкатенация SMS-сообщений (передаваемые\r\n                 сообщения могут быть объединены в\r\n                 одно до 480 символов)</li>\r\n             </ul>\r\n             <h5>SMS</h5>\r\n             <ul>\r\n               <li>Прием/отправка сообщений длиной\r\n                 до 160 символов</li>\r\n               <li>Возможность набора и отправки SMS\r\n                 по-русски </li>\r\n               <li>Шаблоны сообщений</li>\r\n               <li>SMS-чат</li>\r\n               <li>Отправка открыток</li>\r\n               <li>Дата/время для принятых сообщений</li>\r\n               <li>Извлечение номера и имени\r\n                 отправителя из полученного\r\n                 сообщения</li>\r\n               <li>Подтверждение доставки сообщения</li>\r\n               <li>Звонок отправителю сообщения</li>\r\n               <li>Cell Broadcast</li>\r\n               <li>Упрощенное написание SMS (T9 system)</li>\r\n             </ul>\r\n            \r\n             <h5>Дополнительные возможности</h5>\r\n             <ul>\r\n               <li>SIM Application Toolkit</li>\r\n               <li>4 Игры\r\n                 <ul>\r\n                   <li>Snake II</li>\r\n                 </ul>\r\n                 <ul>\r\n                   <li>Pairs II</li>\r\n                 </ul>\r\n                 <ul>\r\n                   <li>Space Impact</li>\r\n                 </ul>\r\n                 <ul>\r\n                   <li>Bantumi</li>\r\n                 </ul>\r\n               </li>\r\n               <li>5 вариантов корпуса</li>\r\n             </ul>\r\n             \r\n             <p align=\"left\">Батареи\r\n             <table border=\"1\">\r\n               <tr>\r\n                 <td><b>Время,</b>\r\n                   в часах</td>\r\n                 <td align=\"center\" ><b>разговора</b></td>\r\n                 <td align=\"center\" ><b>ожидания</b></td>\r\n                 <td align=\"center\" ><b>зарядки</b></td>\r\n               </tr>\r\n               <tr>\r\n                 <td>BLC-2,\r\n                   850 mAh Li-Ion<br>\r\n                   107g</td>\r\n                 <td align=\"center\" >2:20\r\n                   - 4:15</td>\r\n                 <td align=\"center\" >55-245</td>\r\n                 <td align=\"center\" >4/2:30</td>\r\n               </tr>\r\n               <tr>\r\n                 <td>IBMC-3,\r\n                   900 mAh, NiMH<br>\r\n                   133g (standard)</td>\r\n                 <td align=\"center\" >2:30\r\n                   - 4:30</td>\r\n                 <td align=\"center\" >55\r\n                   260</td>\r\n                 <td align=\"center\" >4/2</td>\r\n               </tr>\r\n             </table>\r\n <a class=small href=\"http://www.sotovik.ru\">\r\n Подготовлено по материалам \"Сотовик\"\r\n www.sotovik.ru \r\n </a>','5','12529.26','398_n3310.jpg','9','601_n3310_small.jpg','1','1','','1','','2098.01','','nokia-3310-20/','','0','Nokia 3310','Nokia 3310','Nokia 3310','','Nokia 3310','1','1','0'),
 ('21','0','Ericsson T29','            <ul>\r\n               <li>Двухстандартный (GSM 900/1800)</li>\r\n             </ul>\r\n             <!--h5>Механические характеристики</h5>\r\n <ul>\r\n   <li>\r\n (базовые характеристики \"размеры\" и\r\n     \"вес\" вынесены в отдельные поля;\r\n     здесь - дополнительные характеристики)</li>\r\n </ul-->\r\n             <h5>Дисплей</h5>\r\n             <ul>\r\n               <li>Графический высококонтрастный\r\n                 дисплей</li>\r\n               <li>3 строки текста</li>\r\n             </ul>\r\n             <h5>Клавиатура</h5>\r\n             <ul>\r\n               <li>Автоматическая и ручная\r\n                 блокировка</li>\r\n               <li>Ответ на звонок любой кнопкой</li>\r\n               <li>Стирание последнего символа или\r\n                 всего экрана</li>\r\n               <li>Код выхода на международную сеть (+)</li>\r\n               <li>Звуковая индикация нажатия</li>\r\n             </ul>\r\n             <h5 align=\"center\"></h5>\r\n             <h5>Управление звуковыми сигналами</h5>\r\n             <ul>\r\n               <li>Различные тоны и мелодии</li>\r\n               <li>Бесшумный вызов</li>\r\n               <li>Различные уровни громкости,\r\n                 включая бесшумный</li>\r\n               <li>Различные сигналы и уровни\r\n                 сигнала для SMS</li>\r\n               <li>Программируемая мелодия вызова</li>\r\n             </ul>\r\n             <h5>Безопасность и учет разговоров</h5>\r\n             <ul>\r\n               <li>Блокировка клавиатуры</li>\r\n               <li>Предупреждения и ограничения</li>\r\n               <li>Код доступа к телефону</li>\r\n               <li>PIN1, PIN2</li>\r\n               <li>Контроль времени звонка</li>\r\n               <li>Запрет вызовов</li>\r\n             </ul>\r\n             <h5>Память</h5>\r\n             <ul>\r\n               <li>Выбор номера из телефонной книги\r\n                 при отправке сообщений</li>\r\n               <li>Извлечение и запись номера\r\n                 отправителя в телефонную книгу</li>\r\n               <li>Показ номера абонента или имени\r\n                 как заголовок сообщения</li>\r\n               <li>Разные возможности навигации и\r\n                 поиска в телефонной книге</li>\r\n             </ul>\r\n             <!--h5>Функции набора номера</h5>\r\n <ul>\r\n   <li>(голосовой,\r\n     сокращенный, ...)</li>\r\n </ul-->\r\n             <h5>Управление звонками</h5>\r\n             <ul>\r\n               <li>Ускоренный набор номера</li>\r\n               <li>Голосовой набор</li>\r\n               <li>Звонки по номерам из памяти и\r\n                 телефонной книги</li>\r\n               <li>Конфернц-связь</li>\r\n               <li>Ожидание и удержание звонка</li>\r\n               <li>Переадресация звонков</li>\r\n               <li>Идентификация имени и номера\r\n                 звонящего</li>\r\n               <li>Автоматический и ручной выбор\r\n                 сети</li>\r\n             </ul>\r\n             <h5>SMS</h5>\r\n             <ul>\r\n               <li>Прием/отправка сообщений длиной\r\n                 до 160 символов</li>\r\n               <li>Дата/время для принятых сообщений</li>\r\n               <li>Извлечение номера и имени\r\n                 отправителя из полученного\r\n                 сообщения</li>\r\n               <li>Подтверждение доставки сообщения</li>\r\n               <li>Звонок отправителю сообщения</li>\r\n               <li>Cell Broadcast</li>\r\n             </ul>\r\n             <h5>WAP</h5>\r\n             <ul>\r\n               <li>WAP браузер v1.1</li>\r\n             </ul>\r\n             <!--h5>Bluetooth</h5>\r\n <ul>\r\n   <li>()</li>\r\n </ul-->\r\n             <h5>Дополнительные возможности</h5>\r\n             <ul>\r\n               <li>Предиктивный набор текста (T9)</li>\r\n               <li>4 игры</li>\r\n             </ul>\r\n <a class=small href=\"http://www.sotovik.ru\">\r\n Подготовлено по материалам \"Сотовик\"\r\n www.sotovik.ru \r\n </a>','0','12924.84','233_ert29.jpg','10','217_ert29_small.jpg','0','0','','1','','2171.27','','ericsson-t29-21/','','0','Ericsson T29','Ericsson T29','Ericsson T29','','Ericsson T29','1','1','0'),
 ('22','0','Ericsson T39','            <ul>\r\n               <li>Трехстандартный (GSM 900/1800/1900)</li>\r\n             </ul>\r\n             <!--h5>Механические характеристики</h5>\r\n <ul>\r\n   <li>\r\n (базовые характеристики \"размеры\" и\r\n     \"вес\" вынесены в отдельные поля;\r\n     здесь - дополнительные характеристики)</li>\r\n </ul-->\r\n             <h5>Дисплей</h5>\r\n             <ul>\r\n               <li>Графический высококонтрастный\r\n                 дисплей</li>\r\n               <li>4 строки текста</li>\r\n             </ul>\r\n             <h5>Клавиатура</h5>\r\n             <ul>\r\n               <li>Автоматическая и ручная\r\n                 блокировка</li>\r\n               <li>Ответ на звонок любой кнопкой</li>\r\n               <li>Стирание последнего символа или\r\n                 всего экрана</li>\r\n               <li>Код выхода на международную сеть (+)</li>\r\n               <li>Звуковая индикация нажатия</li>\r\n             </ul>\r\n             <h5>Управление звуковыми сигналами</h5>\r\n             <ul>\r\n               <li>Различные тоны и мелодии</li>\r\n               <li>Бесшумный вызов</li>\r\n               <li>Различные уровни громкости,\r\n                 включая бесшумный</li>\r\n               <li>Различные сигналы и уровни\r\n                 сигнала для SMS</li>\r\n               <li>Программируемая мелодия вызова</li>\r\n             </ul>\r\n             <h5>Безопасность и учет разговоров</h5>\r\n             <ul>\r\n               <li>Блокировка клавиатуры</li>\r\n               <li>Предупреждения и ограничения</li>\r\n               <li>Код доступа к телефону</li>\r\n               <li>PIN1, PIN2</li>\r\n               <li>Контроль времени звонка</li>\r\n               <li>Запрет вызовов</li>\r\n             </ul>\r\n             <h5>Интерфейс пользователя</h5>\r\n             <ul>\r\n               <li>Голосовые команды</li>\r\n               <li>Голосовой набор</li>\r\n               <li>Поддержка русского языка в меню</li>\r\n               <li>Настраиваемое меню</li>\r\n               <li>Настраиваемые профили</li>\r\n             </ul>\r\n             <h5>Органайзер (PIM)</h5>\r\n             <ul>\r\n               <li>Расширенная телефонная книга (контактная\r\n                 информация)</li>\r\n               <li>Календарь</li>\r\n               <li>Синхронизация с ПК</li>\r\n               <li>E-mail агент</li>\r\n               <li>Записная книга</li>\r\n               <li>Диктофон</li>\r\n             </ul>\r\n             <h5>Память</h5>\r\n             <ul>\r\n               <li>Выбор номера из телефонной книги\r\n                 при отправке сообщений</li>\r\n               <li>Извлечение и запись номера\r\n                 отправителя в телефонную книгу</li>\r\n               <li>Показ номера абонента или имени\r\n                 как заголовок сообщения</li>\r\n               <li>Разные возможности навигации и\r\n                 поиска в телефонной книге</li>\r\n             </ul>\r\n             <!--h5>Функции набора номера</h5>\r\n <ul>\r\n   <li>(голосовой,\r\n     сокращенный, ...)</li>\r\n </ul-->\r\n             <h5>Управление звонками</h5>\r\n             <ul>\r\n               <li>Ускоренный набор номера</li>\r\n               <li>Голосовой набор, ответ, отказ</li>\r\n               <li>Конфернц-связь</li>\r\n               <li>Ожидание и удержание звонка</li>\r\n               <li>Переадресация звонков</li>\r\n               <li>Идентификация имени и номера\r\n                 звонящего</li>\r\n               <li>Автоматический и ручной выбор\r\n                 сети</li>\r\n             </ul>\r\n             <h5>Передача данных</h5>\r\n             <ul>\r\n               <li>Поддержка факс-модемной связи до\r\n                 9600 бод</li>\r\n               <li>Встроенный модем</li>\r\n               <li>Управление с ПК телефонной\r\n                 книжкой и SMS</li>\r\n               <li>IrDA</li>\r\n             </ul>\r\n             <h5>HSCSD</h5>\r\n             <ul>\r\n               <li>До 28800 бод</li>\r\n               <li>3  таймслота (2 прием + 1 передача)\r\n                 по 14400 бод</li>\r\n             </ul>\r\n             <h5>GPRS</h5>\r\n             <ul>\r\n               <li>4DL+1UL, class B</li>\r\n             </ul>\r\n             <h5>SMS</h5>\r\n             <ul>\r\n               <li>Прием/отправка сообщений длиной\r\n                 до 160 символов</li>\r\n               <li>Дата/время для принятых сообщений</li>\r\n               <li>Извлечение номера и имени\r\n                 отправителя из полученного\r\n                 сообщения</li>\r\n               <li>Подтверждение доставки сообщения</li>\r\n               <li>Звонок отправителю сообщения</li>\r\n               <li>Cell Broadcast</li>\r\n             </ul>\r\n             <h5>WAP</h5>\r\n             <ul>\r\n               <li>WAP браузер v1.2.1 (с поддержкой\r\n                 защищенных транзакций - \"m-commerce\r\n                 ready\")</li>\r\n             </ul>\r\n             <h5>Bluetooth</h5>\r\n             <ul>\r\n               <li>Адаптер встроен в телефон</li>\r\n             </ul>\r\n             <!--h5>Bluetooth</h5>\r\n <ul>\r\n   <li>()</li>\r\n </ul-->\r\n             <h5>Дополнительные возможности</h5>\r\n             <ul>\r\n               <li>Предиктивный набор текста</li>\r\n               <li>3 цвета</li>\r\n             </ul>\r\n <a class=small href=\"http://www.sotovik.ru\">\r\n Подготовлено по материалам \"Сотовик\"\r\n www.sotovik.ru \r\n </a>','0','13422.06','912_ert392.jpg','10','332_ert392_small.jpg','0','0','','1','','2263.34','','ericsson-t39-22/','','0','Ericsson T39','Ericsson T39','Ericsson T39','','Ericsson T39','1','1','0'),
 ('23','0','Ericsson T68','            <ul>\r\n               <li>Трехстандартный (GSM 900/1800/1900)</li>\r\n             </ul>\r\n             <!--h5>Механические характеристики</h5>\r\n <ul>\r\n   <li>\r\n (базовые характеристики \"размеры\" и\r\n     \"вес\" вынесены в отдельные поля;\r\n     здесь - дополнительные характеристики)</li>\r\n </ul-->\r\n             <h5>Дисплей</h5>\r\n             <ul>\r\n               <li>Графический высококонтрастный\r\n                 дисплей</li>\r\n               <li>8 строк текста</li>\r\n               <li>256 цветов</li>\r\n             </ul>\r\n             <h5>Клавиатура</h5>\r\n             <ul>\r\n               <li>Джойстик для навигации</li>\r\n               <li>Автоматическая и ручная\r\n                 блокировка</li>\r\n               <li>Ответ на звонок любой кнопкой</li>\r\n               <li>Стирание последнего символа или\r\n                 всего экрана</li>\r\n               <li>Код выхода на международную сеть (+)</li>\r\n               <li>Звуковая индикация нажатия</li>\r\n             </ul>\r\n             <h5>Управление звуковыми сигналами</h5>\r\n             <ul>\r\n               <li>Различные тоны и мелодии</li>\r\n               <li>Бесшумный вызов</li>\r\n               <li>Различные уровни громкости,\r\n                 включая бесшумный</li>\r\n               <li>Различные сигналы и уровни\r\n                 сигнала для SMS</li>\r\n               <li>Программируемая мелодия вызова</li>\r\n             </ul>\r\n             <h5>Безопасность и учет разговоров</h5>\r\n             <ul>\r\n               <li>Блокировка клавиатуры</li>\r\n               <li>Предупреждения и ограничения</li>\r\n               <li>Код доступа к телефону</li>\r\n               <li>PIN1, PIN2</li>\r\n               <li>Контроль времени звонка</li>\r\n               <li>Запрет вызовов</li>\r\n             </ul>\r\n             <h5>Интерфейс пользователя</h5>\r\n             <ul>\r\n               <li>Голосовые команды</li>\r\n               <li>Голосовой набор</li>\r\n               <li>Поддержка русского языка в меню</li>\r\n               <li>Настраиваемое меню</li>\r\n               <li>Настраиваемые профили</li>\r\n             </ul>\r\n             <h5>Органайзер (PIM)</h5>\r\n             <ul>\r\n               <li>Расширенная телефонная книга (контактная\r\n                 информация)</li>\r\n               <li>Календарь</li>\r\n               <li>Синхронизация с ПК</li>\r\n               <li>E-mail агент</li>\r\n               <li>Записная книга</li>\r\n               <li>Диктофон</li>\r\n             </ul>\r\n             <h5>Память</h5>\r\n             <ul>\r\n               <li>Выбор номера из телефонной книги\r\n                 при отправке сообщений</li>\r\n               <li>Извлечение и запись номера\r\n                 отправителя в телефонную книгу</li>\r\n               <li>Показ номера абонента или имени\r\n                 как заголовок сообщения</li>\r\n               <li>Разные возможности навигации и\r\n                 поиска в телефонной книге</li>\r\n             </ul>\r\n             <!--h5>Функции набора номера</h5>\r\n <ul>\r\n   <li>(голосовой,\r\n     сокращенный, ...)</li>\r\n </ul-->\r\n             <h5>Управление звонками</h5>\r\n             <ul>\r\n               <li>Ускоренный набор номера</li>\r\n               <li>Голосовой набор, ответ, отказ</li>\r\n               <li>Конфернц-связь</li>\r\n               <li>Ожидание и удержание звонка</li>\r\n               <li>Переадресация звонков</li>\r\n               <li>Идентификация имени и номера\r\n                 звонящего</li>\r\n               <li>Автоматический и ручной выбор\r\n                 сети</li>\r\n             </ul>\r\n             <h5>Передача данных</h5>\r\n             <ul>\r\n               <li>Поддержка факс-модемной связи до\r\n                 9600 бод</li>\r\n               <li>Встроенный модем</li>\r\n               <li>Управление с ПК телефонной\r\n                 книжкой и SMS</li>\r\n               <li>IrDA - нет информации</li>\r\n             </ul>\r\n             <h5>HSCSD</h5>\r\n             <ul>\r\n               <li>До 28800 бод</li>\r\n               <li>3  таймслота (2 прием + 1 передача)\r\n                 по 14400 бод</li>\r\n             </ul>\r\n             <h5>GPRS</h5>\r\n             <ul>\r\n               <li>4DL+1UL, class B</li>\r\n             </ul>\r\n             <h5>MMS & SMS </h5>\r\n             <ul>\r\n               <li>MMS - Multimedia Messaging Service) - принятый во\r\n                 всем мире стандарт, позволяющий\r\n                 пользователям мобильных сетей\r\n                 отправлять с сотовых телефонов\r\n                 сообщения с форматированным\r\n                 текстом, высококачественными\r\n                 изображениями, мультипликацией и\r\n                 аудио, что открывает перед\r\n                 энтузиастами использования\r\n                 мобильных сообщений широкие\r\n                 возможности. Изображениями могут\r\n                 служить цифровые фото, сделанные\r\n                 на месте нахождения пользователя,\r\n                 которые могут быть в режиме\r\n                 реального времени отправлены на\r\n                 веб-адрес или на другой мобильный\r\n                 телефон, поддерживающий MMS</li>\r\n               <li>Прием/отправка сообщений длиной\r\n                 до 160 символов</li>\r\n               <li>Дата/время для принятых сообщений</li>\r\n               <li>Извлечение номера и имени\r\n                 отправителя из полученного\r\n                 сообщения</li>\r\n               <li>Подтверждение доставки сообщения</li>\r\n               <li>Звонок отправителю сообщения</li>\r\n               <li>Cell Broadcast</li>\r\n             </ul>\r\n             <h5>WAP</h5>\r\n             <ul>\r\n               <li>WAP браузер v1.2.1 (с поддержкой\r\n                 защищенных транзакций - \"m-commerce\r\n                 ready\")</li>\r\n             </ul>\r\n             <h5>Bluetooth</h5>\r\n             <ul>\r\n               <li>Адаптер встроен в телефон</li>\r\n             </ul>\r\n             <!--h5>Bluetooth</h5>\r\n <ul>\r\n   <li>()</li>\r\n </ul-->\r\n             <h5>Дополнительные возможности</h5>\r\n             <ul>\r\n               <li>Предиктивный набор текста</li>\r\n               <li>2(?) цвета</li>\r\n             </ul>\r\n <a class=small href=\"http://www.sotovik.ru\">\r\n Подготовлено по материалам \"Сотовик\"\r\n www.sotovik.ru \r\n </a>','4.4','12235.20','452_ert68.jpg','0','944_ert68_small.jpg','2','0','','1','','2043.56','','ericsson-t68-23/','','0','Ericsson T68','Ericsson T68','Ericsson T68','','Ericsson T68','1','1','0'),
 ('25','0','Samsung S-5560','<ul>\r\n    <li>Стандарт GSM 2G  Да</li>\r\n    <li>Разрешение дисплея 240 x 400 Пикс</li>\r\n    <li>FM приемник  встроенный</li>\r\n    <li>Разрешение матрицы фотокамеры  5 МПикс</li>\r\n    <li>Тип карты памяти  microSD, microSDHC</li>\r\n    <li>Время в режиме разговора до 8 часов</li>\r\n    <li>Время в режиме ожидания  до 400 часов</li>\r\n    <li>Встроен. модуль Bluetooth  2.0</li>\r\n    <li>Встроен. модуль Wi-Fi Да</li>\r\n    <li>Код товара 30011556</li>\r\n    <li>&nbsp;</li>\r\n</ul>','4','41028.78','samsung-s-5560-25.jpg','-12','samsung-s-5560-25-S.jpg','2','25','samsung-s-5560-25-B.jpg','1','<p>Стандарт GSM 2G  Да</p>\r\n<p>Разрешение дисплея 240 x 400 Пикс</p>\r\n<p>FM приемник  встроенный</p>\r\n<p>Разрешение матрицы фотокамеры  5 МПикс</p>\r\n<p>Тип карты памяти  microSD, microSDHC</p>\r\n<p>&nbsp;</p>','7375.70','','samsung-s-5560-25/','','3','Samsung S-5560','Samsung S-5560','Samsung S-5560','','Samsung S-5560','1','1','0'),
 ('26','0','Siemens SL45','            <h5>Стандарт</h5>\r\n             <ul>\r\n               <li>Двухстандартный (EGSM 900/GSM 1800)</li>\r\n             </ul>\r\n             <!--h5>Механические характеристики</h5>\r\n <ul>\r\n   <li>\r\n (базовые характеристики \"размеры\" и\r\n     \"вес\" вынесены в отдельные поля;\r\n     здесь - дополнительные характеристики)</li>\r\n </ul-->\r\n             <h5>Дисплей</h5>\r\n             <ul>\r\n               <li>Графический высококонтрастный\r\n                 дисплей</li>\r\n               <li>Разрешение 101x80 пикселя</li>\r\n               <li>До 7 строк х 16 символов</li>\r\n               <li>Янтарная подсветка</li>\r\n               <li>Индикаторы:\r\n                 <ul>\r\n                   <li>напряженность поля</li>\r\n                 </ul>\r\n                 <ul>\r\n                   <li>уровень заряд батареи</li>\r\n                   <li>звуковое сообщение</li>\r\n                   <li>текстовое сообщение</li>\r\n                   <li>роуминг и др.</li>\r\n                 </ul>\r\n               </li>\r\n             </ul>\r\n             <h5>Клавиатура</h5>\r\n             <ul>\r\n               <li>Навигационная клавиша</li>\r\n               <li>Автоматическая и ручная\r\n                 блокировка</li>\r\n               <li>Ответ на звонок любой кнопкой</li>\r\n               <li>Стирание последнего символа или\r\n                 всего экрана</li>\r\n               <li>Код выхода на международную сеть (+)</li>\r\n               <li>Звуковая индикация нажатия</li>\r\n             </ul>\r\n             <h5>Управление звуковыми сигналами</h5>\r\n             <ul>\r\n               <li>42 различных тонов и мелодий +\r\n                 память MultiMediaCard</li>\r\n               <li>Бесшумный вызов</li>\r\n               <li>Различные уровни громкости,\r\n                 включая бесшумный</li>\r\n               <li>Различные сигналы и уровни\r\n                 сигнала для SMS</li>\r\n               <li>Программируемая мелодия вызова</li>\r\n             </ul>\r\n             <h5>Органайзер</h5>\r\n             <ul>\r\n               <li>Часы и дата</li>\r\n               <li>Будильник</li>\r\n               <li>Секундомер</li>\r\n               <li>Калькулятор</li>\r\n               <li>Конвертер валют</li>\r\n               <li>Передаваемые между телефонами\r\n                 бизнес-карты</li>\r\n               <li>Синхронизация с Microsoft Outlook </li>\r\n             </ul>\r\n             <!--h5>Персонализация</h5>\r\n <ul>\r\n   <li>\r\n (что можно настроить под\r\n     пользователя - напр, приветствие, мелодии,...)</li>\r\n </ul-->\r\n             <h5>Интерфейс пользователя</h5>\r\n             <ul>\r\n               <li>Автоматический выбор языка, в\r\n                 зависимости от SIM карты</li>\r\n               <li>Поддержка русского языка в меню</li>\r\n               <li>Настраиваемое меню</li>\r\n               <li>Анимация в меню</li>\r\n               <li>Настраиваемые профили</li>\r\n               <li>Голосовой набор</li>\r\n             </ul>\r\n             <h5>Память</h5>\r\n             <ul>\r\n               <li>Телефонная книга: 500 записей по 14\r\n                 полей в\r\n                 памяти телефона + 250 номеров в\r\n                 памяти SIM-карты</li>\r\n               <li>Выбор номера из телефонной книги\r\n                 при отправке сообщений</li>\r\n               <li>Извлечение и запись номера\r\n                 отправителя в телефонную книгу</li>\r\n               <li>Показ номера абонента или имени\r\n                 как заголовок сообщения</li>\r\n               <li>Разные возможности навигации и\r\n                 поиска в телефонной книге</li>\r\n               <li>Автоматическое запоминание\r\n                 последних<br>\r\n                 - 10 исходящих звонков и<br>\r\n                 - 10 входящих/оставшихся без ответа звонков<br>\r\n                 с фиксацией время звонка</li>\r\n             </ul>\r\n             <!--h5>Функции набора номера</h5>\r\n <ul>\r\n   <li>(голосовой,\r\n     сокращенный, ...)</li>\r\n </ul-->\r\n             <h5>Управление звонками</h5>\r\n             <ul>\r\n               <li>Ускоренный набор номера</li>\r\n               <li>Голосовой набор</li>\r\n               <li>Звонки по номерам из памяти и\r\n                 телефонной книги</li>\r\n               <li>Конфернц-связь</li>\r\n               <li>Ожидание и удержание звонка</li>\r\n               <li>Переадресация звонков</li>\r\n               <li>Идентификация имени и номера\r\n                 звонящего</li>\r\n               <li>Автоматический и ручной выбор\r\n                 сети</li>\r\n             </ul>\r\n             <h5>Безопасность и учет разговоров</h5>\r\n             <ul>\r\n               <li>Блокировка клавиатуры</li>\r\n               <li>Предупреждения и ограничения</li>\r\n               <li>Код доступа к телефону</li>\r\n               <li>PIN1, PIN2</li>\r\n               <li>Контроль времени звонка</li>\r\n               <li>Запрет вызовов</li>\r\n             </ul>\r\n             <h5>Передача речи</h5>\r\n             <ul>\r\n               <li>Три кодека речи<br>\r\n                 - полускоростной режим Half Rate,<br>\r\n                 - полноскоростной режим Full Rate<br>\r\n                 - улучшенное качество речи Enhanced Full\r\n                 Rate</li>\r\n             </ul>\r\n             <h5>Функции, зависящие от сети</h5>\r\n             <ul>\r\n               <li>Поддержка функций GSM Phase 2 +</li>\r\n             </ul>\r\n             <h5>Передача данных</h5>\r\n             <ul>\r\n               <li>Поддержка факс-модемной связи до\r\n                 9600 бод</li>\r\n               <li>Модем</li>\r\n               <li>IrDA</li>\r\n               <li>Управление с ПК телефонной\r\n                 книжкой и SMS</li>\r\n             </ul>\r\n             <h5>SMS</h5>\r\n             <ul>\r\n               <li>Прием/отправка сообщений длиной\r\n                 до 160 символов</li>\r\n               <li>Прием/отправка графических\r\n                 сообщений (открыток)</li>\r\n               <li>Дата/время для принятых сообщений</li>\r\n               <li>Извлечение номера и имени\r\n                 отправителя из полученного\r\n                 сообщения</li>\r\n               <li>Подтверждение доставки сообщения</li>\r\n               <li>Звонок отправителю сообщения</li>\r\n               <li>Cell Broadcast</li>\r\n               <li>Упрощенное написание SMS (T9 system)</li>\r\n             </ul>\r\n             <h5>WAP</h5>\r\n             <ul>\r\n               <li>WAP браузер v1.1</li>\r\n             </ul>\r\n             <!--h5>Bluetooth</h5>\r\n <ul>\r\n   <li>()</li>\r\n </ul-->\r\n             <h5>Дополнительные возможности</h5>\r\n             <ul>\r\n               <li>Диктофон</li>\r\n               <li>МР3-плеер</li>\r\n               <li>SIM Application Toolkit (Class 3)</li>\r\n               <li>Игры</li>\r\n               <li>3 комбинации корпуса</li>\r\n             </ul>\r\n <a class=small href=\"http://www.sotovik.ru\">\r\n Подготовлено по материалам \"Сотовик\"\r\n www.sotovik.ru \r\n </a>','3.41429','13283.04','83_ssl45.jpg','10','720_ssl45_small.jpg','7','0','','1','','2237.60','','siemens-sl45-26/','','0','Siemens SL45','Siemens SL45','Siemens SL45','','Siemens SL45','1','1','0'),
 ('27','0','Siemens ME45','            <h5>Стандарт</h5>\r\n             <ul>\r\n               <li>Двухстандартный (EGSM 900/GSM 1800)</li>\r\n             </ul>\r\n             <!--h5>Механические характеристики</h5>\r\n <ul>\r\n   <li>\r\n (базовые характеристики \"размеры\" и\r\n     \"вес\" вынесены в отдельные поля;\r\n     здесь - дополнительные характеристики)</li>\r\n </ul-->\r\n             <h5>Дисплей</h5>\r\n             <ul>\r\n               <li>Графический высококонтрастный\r\n                 дисплей</li>\r\n               <li>Янтарная подсветка</li>\r\n             </ul>\r\n             <h5>Клавиатура</h5>\r\n             <ul>\r\n               <li>Навигационная клавиша</li>\r\n               <li>Автоматическая и ручная\r\n                 блокировка</li>\r\n               <li>Ответ на звонок любой кнопкой</li>\r\n               <li>Стирание последнего символа или\r\n                 всего экрана</li>\r\n               <li>Код выхода на международную сеть (+)</li>\r\n               <li>Звуковая индикация нажатия</li>\r\n             </ul>\r\n             <h5>Управление звуковыми сигналами</h5>\r\n             <ul>\r\n               <li>40 различных тонов и мелодий</li>\r\n               <li>Бесшумный вызов</li>\r\n               <li>Виброзвонок</li>\r\n               <li>Различные уровни громкости,\r\n                 включая бесшумный</li>\r\n               <li>Различные сигналы и уровни\r\n                 сигнала для SMS</li>\r\n               <li>Программируемая мелодия вызова</li>\r\n             </ul>\r\n             <h5>Органайзер</h5>\r\n             <ul>\r\n               <li>Часы и дата</li>\r\n               <li>Будильник</li>\r\n               <li>Секундомер</li>\r\n               <li>Калькулятор</li>\r\n               <li>Конвертер валют</li>\r\n               <li>Передаваемые между телефонами\r\n                 бизнес-карты</li>\r\n               <li>Синхронизация с Microsoft Outlook </li>\r\n             </ul>\r\n             <!--h5>Персонализация</h5>\r\n <ul>\r\n   <li>\r\n (что можно настроить под\r\n     пользователя - напр, приветствие, мелодии,...)</li>\r\n </ul-->\r\n             <h5>Интерфейс пользователя</h5>\r\n             <ul>\r\n               <li>Встроенная громкая связь</li>\r\n               <li>Поддержка русского языка в меню</li>\r\n               <li>Настраиваемое меню</li>\r\n               <li>Анимация в меню</li>\r\n               <li>Настраиваемые профили</li>\r\n               <li>Голосовой набор номеров</li>\r\n               <li>Голосовой вызов функций</li>\r\n             </ul>\r\n             <h5>Память</h5>\r\n             <ul>\r\n               <li>Адресная книга: до 500 записей по 14\r\n                 полей в\r\n                 памяти телефона + до 250 номеров в\r\n                 памяти SIM-карты</li>\r\n               <li>Выбор номера из телефонной книги\r\n                 при отправке сообщений</li>\r\n               <li>Извлечение и запись номера\r\n                 отправителя в телефонную книгу</li>\r\n               <li>Показ номера абонента или имени\r\n                 как заголовок сообщения</li>\r\n               <li>Разные возможности навигации и\r\n                 поиска в телефонной книге</li>\r\n               <li>Автоматическое запоминание\r\n                 последних<br>\r\n                 - 10 исходящих звонков и<br>\r\n                 - 10 входящих/оставшихся без ответа звонков<br>\r\n                 с фиксацией время звонка</li>\r\n             </ul>\r\n             <!--h5>Функции набора номера</h5>\r\n <ul>\r\n   <li>(голосовой,\r\n     сокращенный, ...)</li>\r\n </ul-->\r\n             <h5>Управление звонками</h5>\r\n             <ul>\r\n               <li>Ускоренный набор номера - 9 ячеек</li>\r\n               <li>Голосовой набор на 20 номеров и 10\r\n                 команд</li>\r\n               <li>Звонки по номерам из памяти и\r\n                 телефонной книги</li>\r\n               <li>Конфернц-связь</li>\r\n               <li>Ожидание и удержание звонка</li>\r\n               <li>Переадресация звонков</li>\r\n               <li>Идентификация имени и номера\r\n                 звонящего</li>\r\n               <li>Автоматический и ручной выбор\r\n                 сети</li>\r\n             </ul>\r\n             <h5>Безопасность и учет разговоров</h5>\r\n             <ul>\r\n               <li>Блокировка клавиатуры</li>\r\n               <li>Предупреждения и ограничения</li>\r\n               <li>Код доступа к телефону</li>\r\n               <li>PIN1, PIN2</li>\r\n               <li>Контроль времени звонка</li>\r\n               <li>Запрет вызовов</li>\r\n             </ul>\r\n             <h5>Передача речи</h5>\r\n             <ul>\r\n               <li>Три кодека речи<br>\r\n                 - полускоростной режим Half Rate,<br>\r\n                 - полноскоростной режим Full Rate<br>\r\n                 - улучшенное качество речи Enhanced Full\r\n                 Rate</li>\r\n             </ul>\r\n             <h5>Функции, зависящие от сети</h5>\r\n             <ul>\r\n               <li>Поддержка функций GSM Phase 2 +</li>\r\n             </ul>\r\n             <h5>Передача данных</h5>\r\n             <ul>\r\n               <li>Поддержка факс-модемной связи до\r\n                 14400 бод</li>\r\n               <li>Управление с ПК телефонной\r\n                 книжкой и SMS</li>\r\n             </ul>\r\n             <h5>SMS</h5>\r\n             <ul>\r\n               <li>Прием/отправка сообщений длиной\r\n                 до 160 символов</li>\r\n               <li>EMS - Прием/отправка мультимедийных\r\n                 сообщений (открыток)</li>\r\n               <li>Загрузка мелодий и заставок через\r\n                 SMS</li>\r\n               <li>Дата/время для принятых сообщений</li>\r\n               <li>Извлечение номера и имени\r\n                 отправителя из полученного\r\n                 сообщения</li>\r\n               <li>Подтверждение доставки сообщения</li>\r\n               <li>Звонок отправителю сообщения</li>\r\n               <li>Cell Broadcast</li>\r\n               <li>Упрощенное написание SMS (T9 system)</li>\r\n             </ul>\r\n             <h5>WAP</h5>\r\n             <ul>\r\n               <li>WAP браузер v1.2</li>\r\n             </ul>\r\n             <h5>GPRS</h5>\r\n             <ul>\r\n               <li>Class B</li>\r\n             </ul>\r\n             <!--h5>Bluetooth</h5>\r\n <ul>\r\n   <li>()</li>\r\n </ul-->\r\n             <h5>Дополнительные возможности</h5>\r\n             <ul>\r\n               <li>Диктофон</li>\r\n               <li>SIM Application Toolkit (Class 3)</li>\r\n               <li>Игры</li>\r\n               <li>Пылевлагозащищенный</li>\r\n             </ul>\r\n             <h5 align=\"left\">Информация производителя\r\n             об официальных поставках</h5>\r\n             <ul>\r\n               <li>Сертификат соответствия РСТ: РОСС.DE.ME69.B01178</li>\r\n               <li>Сертифицированы только телефоны производственных серий: \r\n                 <ul>\r\n                   <li> L36880-N4600-A303; </li>\r\n                   <li> L36880-N4600-A304 (номер на коробке телефона)</li>\r\n                 </ul>\r\n               </li>\r\n               <li>Гарантия производителя распространяется только на телефоны сертифицированных производственных серий</li>\r\n             </ul>\r\n <a class=small href=\"http://www.sotovik.ru\">\r\n Подготовлено по материалам \"Сотовик\"\r\n www.sotovik.ru \r\n </a>','2.5','13170.78','532_sme45.jpg','15','546_sme45_small.jpg','1','-5','','1','','2216.81','','siemens-me45-27/','','0','Siemens ME45','Siemens ME45','Siemens ME45','','Siemens ME45','1','1','0'),
 ('28','0','Siemens M35i','            <h5>Стандарт</h5>\r\n             <ul>\r\n               <li>Двухстандартный (EGSM 900/GSM 1800)</li>\r\n             </ul>\r\n             <!--h5>Механические характеристики</h5>\r\n <ul>\r\n   <li>\r\n (базовые характеристики \"размеры\" и\r\n     \"вес\" вынесены в отдельные поля;\r\n     здесь - дополнительные характеристики)</li>\r\n </ul-->\r\n             <h5>Дисплей</h5>\r\n             <ul>\r\n               <li>Графический высококонтрастный\r\n                 дисплей</li>\r\n               <li>Разрешение 101x54 пикселя</li>\r\n               <li>До 5 строк х 16 символов</li>\r\n               <li>Индикаторы:\r\n                 <ul>\r\n                   <li>напряженность поля</li>\r\n                 </ul>\r\n                 <ul>\r\n                   <li>уровень заряд батареи</li>\r\n                   <li>звуковое сообщение</li>\r\n                   <li>текстовое сообщение</li>\r\n                   <li>роуминг и др.</li>\r\n                 </ul>\r\n               </li>\r\n             </ul>\r\n             <h5>Клавиатура</h5>\r\n             <ul>\r\n               <li>Автоматическая и ручная\r\n                 блокировка</li>\r\n               <li>Ответ на звонок любой кнопкой</li>\r\n               <li>Стирание последнего символа или\r\n                 всего экрана</li>\r\n               <li>Код выхода на международную сеть (+)</li>\r\n               <li>Звуковая индикация нажатия</li>\r\n             </ul>\r\n             <h5>Управление звуковыми сигналами</h5>\r\n             <ul>\r\n               <li>20 различных тонов и мелодий</li>\r\n               <li>Бесшумный вызов</li>\r\n               <li>Различные уровни громкости,\r\n                 включая бесшумный</li>\r\n               <li>Различные сигналы и уровни\r\n                 сигнала для SMS</li>\r\n               <li>Программируемая мелодия вызова</li>\r\n             </ul>\r\n             <h5>Органайзер</h5>\r\n <ul>\r\n   <li>\r\n Часы и дата</li>\r\n   <li>\r\n Будильник</li>\r\n   <li>\r\n Секундомер</li>\r\n   <li>\r\n Калькулятор</li>\r\n   <li>\r\n Конвертер валют</li>\r\n   <li>\r\n Список на 30 задач/встреч с напоминанием</li>\r\n </ul>\r\n   <!--h5>Персонализация</h5>\r\n <ul>\r\n   <li>\r\n (что можно настроить под\r\n     пользователя - напр, приветствие, мелодии,...)</li>\r\n </ul-->\r\n             <h5>Безопасность и учет разговоров</h5>\r\n             <ul>\r\n               <li>Блокировка клавиатуры</li>\r\n               <li>Предупреждения и ограничения</li>\r\n               <li>Код доступа к телефону</li>\r\n               <li>PIN1, PIN2</li>\r\n               <li>Контроль времени звонка</li>\r\n               <li>Запрет вызовов</li>\r\n             </ul>\r\n             <h5>Интерфейс пользователя</h5>\r\n             <ul>\r\n               <li>Автоматический выбор языка, в\r\n                 зависимости от SIM карты</li>\r\n               <li>Поддержка русского языка в меню</li>\r\n               <li>Настраиваемое меню</li>\r\n               <li>Анимация в меню</li>\r\n               <li>Настраиваемые профили</li>\r\n             </ul>\r\n             <h5>Память</h5>\r\n             <ul>\r\n               <li>Телефонная книга: 100 номеров в\r\n                 памяти телефона + память SIM-карты</li>\r\n               <li>Выбор номера из телефонной книги\r\n                 при отправке сообщений</li>\r\n               <li>Извлечение и запись номера\r\n                 отправителя в телефонную книгу</li>\r\n               <li>Показ номера абонента или имени\r\n                 как заголовок сообщения</li>\r\n               <li>Разные возможности навигации и\r\n                 поиска в телефонной книге</li>\r\n               <li>Автоматическое запоминание\r\n                 последних<br>\r\n                 - 10 входящих звонков,<br>\r\n                 - 10 исходящих звонков и<br>\r\n                 - 10 оставшихся без ответа звонков<br>\r\n                 с фиксацией время звонка</li>\r\n             </ul>\r\n             <!--h5>Функции набора номера</h5>\r\n <ul>\r\n   <li>(голосовой,\r\n     сокращенный, ...)</li>\r\n </ul-->\r\n             <h5>Управление звонками</h5>\r\n             <ul>\r\n               <li>Ускоренный набор номера</li>\r\n               <li>Звонки по номерам из памяти и\r\n                 телефонной книги</li>\r\n               <li>Конфернц-связь</li>\r\n               <li>Ожидание и удержание звонка</li>\r\n               <li>Переадресация звонков</li>\r\n               <li>Идентификация имени и номера\r\n                 звонящего</li>\r\n               <li>Автоматический и ручной выбор\r\n                 сети</li>\r\n             </ul>\r\n             <h5>\r\n             <!h5>Передача речи</h5>\r\n <ul>\r\n   <li>Три кодека речи<br>\r\n     - полускоростной режим Half Rate,<br>\r\n     - полноскоростной режим Full Rate<br>\r\n     - улучшенное качество речи Enhanced Full Rate</li>\r\n </ul>\r\n             <h5>Функции, зависящие от сети</h5>\r\n             <ul>\r\n               <li>Поддержка функций GSM Phase 2 +</li>\r\n             </ul>\r\n             <h5>Передача данных</h5>\r\n             <ul>\r\n               <li>Поддержка факс-модемной связи до\r\n                 9600 бод</li>\r\n               <li>Встроенный модем</li>\r\n               <li>Управление с ПК телефонной\r\n                 книжкой и SMS</li>\r\n             </ul>\r\n             <h5>SMS</h5>\r\n             <ul>\r\n               <li>Прием/отправка сообщений длиной\r\n                 до 160 символов</li>\r\n               <li>Дата/время для принятых сообщений</li>\r\n               <li>Извлечение номера и имени\r\n                 отправителя из полученного\r\n                 сообщения</li>\r\n               <li>Подтверждение доставки сообщения</li>\r\n               <li>Звонок отправителю сообщения</li>\r\n               <li>Cell Broadcast</li>\r\n               <li>Упрощенное написание SMS (T9 system)</li>\r\n             </ul>\r\n             <h5>\r\n             <!h5>WAP</h5>\r\n <ul>\r\n   <li>WAP браузер v1.1</li>\r\n </ul>\r\n   <!--h5>Bluetooth</h5>\r\n <ul>\r\n   <li>()</li>\r\n </ul-->\r\n             <h5>Дополнительные возможности</h5>\r\n             <ul>\r\n               <li>SIM Application Toolkit</li>\r\n               <li>Игры</li>\r\n               <li>3 цвета</li>\r\n             </ul>\r\n             <h5>Комплектация</h5>\r\n             <ul>\r\n               <li>Зарядное устройство</li>\r\n               <li>500 mAh NiMH батарея</li>\r\n               <li>Руководства пользователя</li>\r\n             </ul>\r\n             <h5 align=\"left\">Информация производителя\r\n             об официальных поставках</h5>\r\n             <ul>\r\n               <li>Сертификат соответствия РСТ: РОСС.DE.ME69.B00907</li>\r\n               <li>Для продажи на территории России предназначены телефоны производственных серий: \r\n                 <ul>\r\n                   <li>L36880-N4250-A402</li>\r\n   <li>L36880-N4250-K402</li>\r\n   <li>L36880-N4250-K423</li>\r\n                 </ul>\r\n               </li>\r\n             </ul>\r\n <a class=small href=\"http://www.sotovik.ru\">\r\n Подготовлено по материалам \"Сотовик\"\r\n www.sotovik.ru \r\n </a>','5','12507.90','604_sm35.jpg','10','366_sm35_small.jpg','1','0','','1','','2094.05','','siemens-m35i-28/','','0','Siemens M35i','Siemens M35i','Siemens M35i','','Siemens M35i','1','1','0'),
 ('29','0','Siemens C45','            <h5>Стандарт</h5>\r\n             <ul>\r\n               <li>Двухстандартный (EGSM 900/GSM 1800)</li>\r\n             </ul>\r\n             <!--h5>Механические характеристики</h5>\r\n <ul>\r\n   <li>\r\n (базовые характеристики \"размеры\" и\r\n     \"вес\" вынесены в отдельные поля;\r\n     здесь - дополнительные характеристики)</li>\r\n </ul-->\r\n             <h5>Дисплей</h5>\r\n             <ul>\r\n               <li>Графический высококонтрастный\r\n                 дисплей</li>\r\n               <li>Разрешение 101x64 пикселя</li>\r\n               <li>До 5 строк х 16 символов</li>\r\n             </ul>\r\n             <h5>Клавиатура</h5>\r\n             <ul>\r\n               <li>Ручная\r\n                 блокировка</li>\r\n               <li>Ответ на звонок любой кнопкой</li>\r\n               <li>Стирание последнего символа или\r\n                 всего экрана</li>\r\n               <li>Код выхода на международную сеть (+)</li>\r\n               <li>Звуковая индикация нажатия</li>\r\n             </ul>\r\n             <h5>Управление звуковыми сигналами</h5>\r\n             <ul>\r\n               <li>20 различных тонов и мелодий</li>\r\n               <li>Бесшумный вызов</li>\r\n               <li>Различные уровни громкости,\r\n                 включая бесшумный</li>\r\n               <li>Различные сигналы и уровни\r\n                 сигнала для SMS</li>\r\n               <li>Программируемая мелодия вызова</li>\r\n             </ul>\r\n             <h5>Органайзер</h5>\r\n <ul>\r\n   <li>\r\n Часы и дата</li>\r\n   <li>\r\n Будильник</li>\r\n   <li>\r\n Секундомер</li>\r\n   <li>\r\n Калькулятор</li>\r\n   <li>\r\n Конвертер валют</li>\r\n   <li>\r\n Список на 30 задач/встреч с напоминанием</li>\r\n </ul>\r\n   <!--h5>Персонализация</h5>\r\n <ul>\r\n   <li>\r\n (что можно настроить под\r\n     пользователя - напр, приветствие, мелодии,...)</li>\r\n </ul-->\r\n             <h5>Безопасность и учет разговоров</h5>\r\n             <ul>\r\n               <li>Блокировка клавиатуры</li>\r\n               <li>Предупреждения и ограничения</li>\r\n               <li>Код доступа к телефону</li>\r\n               <li>PIN1, PIN2</li>\r\n               <li>Контроль времени звонка</li>\r\n               <li>Запрет вызовов</li>\r\n             </ul>\r\n             <h5>Интерфейс пользователя</h5>\r\n             <ul>\r\n               <li>Автоматический выбор языка, в\r\n                 зависимости от SIM карты</li>\r\n               <li>Поддержка русского языка в меню</li>\r\n               <li>Настраиваемое меню</li>\r\n               <li>Анимация в меню</li>\r\n               <li>Настраиваемые профили</li>\r\n             </ul>\r\n             <h5>Память</h5>\r\n             <ul>\r\n               <li>Телефонная книга: 50 номеров в\r\n                 памяти телефона + память SIM-карты</li>\r\n               <li>Выбор номера из телефонной книги\r\n                 при отправке сообщений</li>\r\n               <li>Извлечение и запись номера\r\n                 отправителя в телефонную книгу</li>\r\n               <li>Показ номера абонента или имени\r\n                 как заголовок сообщения</li>\r\n               <li>Разные возможности навигации и\r\n                 поиска в телефонной книге</li>\r\n               <li>Автоматическое запоминание\r\n                 последних<br>\r\n                 - 10 входящих звонков,<br>\r\n                 - 10 исходящих звонков и<br>\r\n                 - 10 оставшихся без ответа звонков<br>\r\n                 с фиксацией время звонка</li>\r\n             </ul>\r\n             <!--h5>Функции набора номера</h5>\r\n <ul>\r\n   <li>(голосовой,\r\n     сокращенный, ...)</li>\r\n </ul-->\r\n             <h5>Управление звонками</h5>\r\n             <ul>\r\n               <li>Ускоренный набор номера</li>\r\n               <li>Звонки по номерам из памяти и\r\n                 телефонной книги</li>\r\n               <li>Конфернц-связь</li>\r\n               <li>Ожидание и удержание звонка</li>\r\n               <li>Переадресация звонков</li>\r\n               <li>Идентификация имени и номера\r\n                 звонящего</li>\r\n               <li>Автоматический и ручной выбор\r\n                 сети</li>\r\n             </ul>\r\n             <h5>\r\n             <!h5>Передача речи</h5>\r\n <ul>\r\n   <li>Три кодека речи<br>\r\n     - полускоростной режим Half Rate,<br>\r\n     - полноскоростной режим Full Rate<br>\r\n     - улучшенное качество речи Enhanced Full Rate</li>\r\n </ul>\r\n             <h5>Функции, зависящие от сети</h5>\r\n             <ul>\r\n               <li>Поддержка функций GSM Phase 2 +</li>\r\n             </ul>\r\n             <h5>Передача данных</h5>\r\n             <ul>\r\n               <li>Поддержка факс-модемной связи до\r\n                 9600 бод</li>\r\n               <li>Управление с ПК телефонной\r\n                 книжкой и SMS</li>\r\n             </ul>\r\n             <h5>EMS-SMS</h5>\r\n             <ul>\r\n               <li>Прием/отправка графической\r\n                 информации</li>\r\n               <li>Прием/отправка сообщений длиной\r\n                 до 160 символов</li>\r\n               <li>Дата/время для принятых сообщений</li>\r\n               <li>Извлечение номера и имени\r\n                 отправителя из полученного\r\n                 сообщения</li>\r\n               <li>Подтверждение доставки сообщения</li>\r\n               <li>Звонок отправителю сообщения</li>\r\n               <li>Cell Broadcast</li>\r\n               <li>Упрощенное написание SMS (T9 system)</li>\r\n             </ul>\r\n             <h5>\r\n             <!h5>WAP</h5>\r\n <ul>\r\n   <li>WAP браузер v1.2</li>\r\n </ul>\r\n   <!--h5>Bluetooth</h5>\r\n <ul>\r\n   <li>()</li>\r\n </ul-->\r\n             <h5>Дополнительные возможности</h5>\r\n             <ul>\r\n               <li>SIM Application Toolkit</li>\r\n               <li>3 игры</li>\r\n               <li>6 цветов</li>\r\n             </ul>\r\n  \r\n \r\n             <h5>Информация производителя об\r\n             официальных поставках</h5>\r\n             <ul>\r\n               <li>Идет сертификация. </li>\r\n               <li> Номер сертификата и номера сертифицированных производственных серий будут объявлены позднее.</li>\r\n             </ul>\r\n <a class=small href=\"http://www.sotovik.ru\">\r\n Подготовлено по материалам \"Сотовик\"\r\n www.sotovik.ru \r\n </a>','0','12454.92','760_sc45.jpg','2','729_sc45_small.jpg','0','0','','1','','2084.25','','siemens-c45-29/','','0','Siemens C45','Siemens C45','Siemens C45','','Siemens C45','1','1','0'),
 ('30','0','Siemens C35i','            <h5>Стандарт</h5>\r\n             <ul>\r\n               <li>Двухстандартный (EGSM 900/GSM 1800)</li>\r\n             </ul>\r\n             <!--h5>Механические характеристики</h5>\r\n <ul>\r\n   <li>\r\n (базовые характеристики \"размеры\" и\r\n     \"вес\" вынесены в отдельные поля;\r\n     здесь - дополнительные характеристики)</li>\r\n </ul-->\r\n             <h5>Дисплей</h5>\r\n             <ul>\r\n               <li>Графический высококонтрастный\r\n                 дисплей</li>\r\n               <li>Разрешение 101x54 пикселя</li>\r\n               <li>До 5 строк х 16 символов</li>\r\n               <li>Индикаторы:\r\n                 <ul>\r\n                   <li>напряженность поля</li>\r\n                 </ul>\r\n                 <ul>\r\n                   <li>уровень заряд батареи</li>\r\n                   <li>звуковое сообщение</li>\r\n                   <li>текстовое сообщение</li>\r\n                   <li>роуминг и др.</li>\r\n                 </ul>\r\n               </li>\r\n             </ul>\r\n             <h5>Клавиатура</h5>\r\n             <ul>\r\n               <li>Автоматическая и ручная\r\n                 блокировка</li>\r\n               <li>Ответ на звонок любой кнопкой</li>\r\n               <li>Стирание последнего символа или\r\n                 всего экрана</li>\r\n               <li>Код выхода на международную сеть (+)</li>\r\n               <li>Звуковая индикация нажатия</li>\r\n             </ul>\r\n             <h5>Управление звуковыми сигналами</h5>\r\n             <ul>\r\n               <li>20 различных тонов и мелодий</li>\r\n               <li>Бесшумный вызов</li>\r\n               <li>Различные уровни громкости,\r\n                 включая бесшумный</li>\r\n               <li>Различные сигналы и уровни\r\n                 сигнала для SMS</li>\r\n               <li>Программируемая мелодия вызова</li>\r\n             </ul>\r\n             <h5>Органайзер</h5>\r\n <ul>\r\n   <li>\r\n Часы и дата</li>\r\n   <li>\r\n Будильник</li>\r\n   <li>\r\n Секундомер</li>\r\n   <li>\r\n Калькулятор</li>\r\n   <li>\r\n Конвертер валют</li>\r\n   <li>\r\n Список на 30 задач/встреч с напоминанием</li>\r\n </ul>\r\n   <!--h5>Персонализация</h5>\r\n <ul>\r\n   <li>\r\n (что можно настроить под\r\n     пользователя - напр, приветствие, мелодии,...)</li>\r\n </ul-->\r\n             <h5>Безопасность и учет разговоров</h5>\r\n             <ul>\r\n               <li>Блокировка клавиатуры</li>\r\n               <li>Предупреждения и ограничения</li>\r\n               <li>Код доступа к телефону</li>\r\n               <li>PIN1, PIN2</li>\r\n               <li>Контроль времени звонка</li>\r\n               <li>Запрет вызовов</li>\r\n             </ul>\r\n             <h5>Интерфейс пользователя</h5>\r\n             <ul>\r\n               <li>Автоматический выбор языка, в\r\n                 зависимости от SIM карты</li>\r\n               <li>Поддержка русского языка в меню</li>\r\n               <li>Настраиваемое меню</li>\r\n               <li>Анимация в меню</li>\r\n               <li>Настраиваемые профили</li>\r\n             </ul>\r\n             <h5>Память</h5>\r\n             <ul>\r\n               <li>Телефонная книга: 100 номеров в\r\n                 памяти телефона + память SIM-карты</li>\r\n               <li>Выбор номера из телефонной книги\r\n                 при отправке сообщений</li>\r\n               <li>Извлечение и запись номера\r\n                 отправителя в телефонную книгу</li>\r\n               <li>Показ номера абонента или имени\r\n                 как заголовок сообщения</li>\r\n               <li>Разные возможности навигации и\r\n                 поиска в телефонной книге</li>\r\n               <li>Автоматическое запоминание\r\n                 последних<br>\r\n                 - 10 входящих звонков,<br>\r\n                 - 10 исходящих звонков и<br>\r\n                 - 10 оставшихся без ответа звонков<br>\r\n                 с фиксацией время звонка</li>\r\n             </ul>\r\n             <!--h5>Функции набора номера</h5>\r\n <ul>\r\n   <li>(голосовой,\r\n     сокращенный, ...)</li>\r\n </ul-->\r\n             <h5>Управление звонками</h5>\r\n             <ul>\r\n               <li>Ускоренный набор номера</li>\r\n               <li>Звонки по номерам из памяти и\r\n                 телефонной книги</li>\r\n               <li>Конфернц-связь</li>\r\n               <li>Ожидание и удержание звонка</li>\r\n               <li>Переадресация звонков</li>\r\n               <li>Идентификация имени и номера\r\n                 звонящего</li>\r\n               <li>Автоматический и ручной выбор\r\n                 сети</li>\r\n             </ul>\r\n             <h5>\r\n             <!h5>Передача речи</h5>\r\n <ul>\r\n   <li>Три кодека речи<br>\r\n     - полускоростной режим Half Rate,<br>\r\n     - полноскоростной режим Full Rate<br>\r\n     - улучшенное качество речи Enhanced Full Rate</li>\r\n </ul>\r\n             <h5>Функции, зависящие от сети</h5>\r\n             <ul>\r\n               <li>Поддержка функций GSM Phase 2 +</li>\r\n             </ul>\r\n             <h5>Передача данных</h5>\r\n             <ul>\r\n               <li>Поддержка факс-модемной связи до\r\n                 9600 бод</li>\r\n               <li>Встроенный модем</li>\r\n               <li>Управление с ПК телефонной\r\n                 книжкой и SMS</li>\r\n             </ul>\r\n             <h5>SMS</h5>\r\n             <ul>\r\n               <li>Прием/отправка сообщений длиной\r\n                 до 160 символов</li>\r\n               <li>Дата/время для принятых сообщений</li>\r\n               <li>Извлечение номера и имени\r\n                 отправителя из полученного\r\n                 сообщения</li>\r\n               <li>Подтверждение доставки сообщения</li>\r\n               <li>Звонок отправителю сообщения</li>\r\n               <li>Cell Broadcast</li>\r\n               <li>Упрощенное написание SMS (T9 system)</li>\r\n             </ul>\r\n             <h5>\r\n             <!h5>WAP</h5>\r\n <ul>\r\n   <li>WAP браузер v1.1</li>\r\n </ul>\r\n   <!--h5>Bluetooth</h5>\r\n <ul>\r\n   <li>()</li>\r\n </ul-->\r\n             <h5>Дополнительные возможности</h5>\r\n             <ul>\r\n               <li>SIM Application Toolkit</li>\r\n               <li>Игры</li>\r\n               <li>6 цветов</li>\r\n             </ul>\r\n             <h5>Комплектация</h5>\r\n             <ul>\r\n               <li>Зарядное устройство</li>\r\n               <li>500 mAh NiMH батарея</li>\r\n               <li>Руководства пользователя</li>\r\n             </ul>\r\n             <h5>\r\n                  Информация производителя об\r\n             официальных поставках</h5>\r\n             <ul>\r\n               <li>Сертификат соответствия РСТ: РОСС.DE.ME69.B00894</li>\r\n               <li>Для продажи на территории России предназначены телефоны производственных серий: \r\n                 <ul>\r\n                   <li> L36880-N4050-A402; </li>\r\n                   <li> L36880-N4050-K402; </li>\r\n                   <li> L36880-N4050-A416; </li>\r\n                   <li> L36880-N4050-K416 (номер на коробке телефона)</li>\r\n                 </ul>\r\n               </li>\r\n             </ul>\r\n <a class=small href=\"http://www.sotovik.ru\">\r\n Подготовлено по материалам \"Сотовик\"\r\n www.sotovik.ru \r\n </a>','3.8','12400.92','387_sc35i.jpg','10','549_sc35i_small.jpg','1','0','','1','','2074.24','','siemens-c35i-30/','','0','Siemens C35i','Siemens C35i','Siemens C35i','','Siemens C35i','1','1','0'),
 ('31','0','Samsung A300','<h5>Стандарт</h5>\r\n<ul>\r\n    <li>Двухстандартный (GSM 900/1800)</li>\r\n</ul>\r\n<!--h5>Механические характеристики</h5>\r\n\r\n\r\n<ul>\r\n\r\n\r\n  <li>\r\n\r\n\r\n(базовые характеристики \"размеры\" и\r\n\r\n\r\n    \"вес\" вынесены в отдельные поля;\r\n\r\n\r\n    здесь - дополнительные характеристики)</li>\r\n\r\n\r\n</ul-->\r\n<h5>Дисплей</h5>\r\n<ul>\r\n    <li>Графический высококонтрастный\r\n \r\n \r\n                 дисплей\r\n    <ul>\r\n        <li>128 x 128 пикселей</li>\r\n        <li>6 строк текста</li>\r\n    </ul>\r\n    </li>\r\n    <li>Дополнительный дисплей на\r\n \r\n \r\n                 внешней крышке\r\n    <ul>\r\n        <li>80х48 пикселей</li>\r\n        <li>Голубая подсветка</li>\r\n    </ul>\r\n    </li>\r\n</ul>\r\n<h5>Клавиатура</h5>\r\n<ul>\r\n    <li>Блокировка клавиатуры</li>\r\n    <li>Ответ на звонок любой кнопкой</li>\r\n    <li>Стирание последнего символа или\r\n \r\n \r\n                 всего экрана</li>\r\n    <li>Код выхода на международную сеть (+)</li>\r\n    <li>Звуковая индикация нажатия</li>\r\n</ul>\r\n<h5>Управление звуковыми сигналами</h5>\r\n<ul>\r\n    <li>47 мелодий и 3 тона</li>\r\n    <li>Программируемые мелодии</li>\r\n    <li>Виброзвонок</li>\r\n</ul>\r\n<h5>Органайзер</h5>\r\n<ul>\r\n    <li>Часы и будильник</li>\r\n    <li>Калькулятор</li>\r\n    <li>Расписание с напоминанием</li>\r\n    <li>Календарь</li>\r\n    <li>Список задач</li>\r\n    <li>Мировое время</li>\r\n</ul>\r\n<h5>Память</h5>\r\n<ul>\r\n    <li>Телефонная книга: 99 ячеек в памяти\r\n \r\n \r\n                 телефона + память SIM-карты</li>\r\n    <li>Выбор номера из телефонной книги\r\n \r\n \r\n                 при отправке сообщений</li>\r\n    <li>Извлечение и запись номера\r\n \r\n \r\n                 отправителя в телефонную книгу</li>\r\n    <li>Показ номера абонента или имени\r\n \r\n \r\n                 как заголовок сообщения</li>\r\n    <li>Разные возможности навигации и\r\n \r\n \r\n                 поиска в телефонной книге</li>\r\n    <li>Автоматическое запоминание\r\n \r\n \r\n                 последних 10 входящих / исходящих /\r\n \r\n \r\n                 оставшихся без ответа звонков</li>\r\n</ul>\r\n<!--h5>Функции набора номера</h5>\r\n\r\n\r\n<ul>\r\n\r\n\r\n  <li>(голосовой,\r\n\r\n\r\n    сокращенный, ...)</li>\r\n\r\n\r\n</ul-->\r\n<h5>Управление звонками</h5>\r\n<ul>\r\n    <li>Автодозвон</li>\r\n    <li>Ускоренный набор номера</li>\r\n    <li>Звонки по номерам из памяти и\r\n \r\n \r\n                 телефонной книги</li>\r\n    <li>Конфернц-связь</li>\r\n    <li>Ожидание и удержание звонка</li>\r\n    <li>Переадресация звонков</li>\r\n    <li>Идентификация имени и номера\r\n \r\n \r\n                 звонящего</li>\r\n    <li>Автоматический и ручной выбор\r\n \r\n \r\n                 сети</li>\r\n</ul>\r\n<h5>Безопасность и учет разговоров</h5>\r\n<ul>\r\n    <li>Блокировка клавиатуры</li>\r\n    <li>Предупреждения и ограничения</li>\r\n    <li>Код доступа к телефону</li>\r\n    <li>PIN1, PIN2</li>\r\n</ul>\r\n<h5 align=\"left\">Передача данных</h5>\r\n<ul>\r\n    <li>Поддержка факс-модемной связи до\r\n \r\n \r\n                 14400 бод</li>\r\n</ul>\r\n<h5>SMS</h5>\r\n<ul>\r\n    <li>Прием/отправка сообщений длиной\r\n \r\n \r\n                 до 160 символов</li>\r\n    <li>Дата/время для принятых сообщений</li>\r\n    <li>Извлечение номера и имени\r\n \r\n \r\n                 отправителя из полученного\r\n \r\n \r\n                 сообщения</li>\r\n    <li>Подтверждение доставки сообщения</li>\r\n    <li>Звонок отправителю сообщения</li>\r\n    <li>Cell Broadcast</li>\r\n    <li>Ускоренный набор сообщений (T9)</li>\r\n</ul>\r\n<h5>WAP</h5>\r\n<ul>\r\n    <li>WAP-браузер v 1.1</li>\r\n</ul>\r\n<p><a class=\"small\" href=\"http://www.sotovik.ru\">\r\n \r\n \r\n Подготовлено по материалам &quot;Сотовик&quot;\r\n \r\n \r\n www.sotovik.ru \r\n \r\n \r\n </a></p>','0','13577.04','539_sgha300.jpg','10','0','0','0','','1','','2292.04','','samsung-a300-31/','','3','Samsung A300','Samsung A300','Samsung A300','','Samsung A300','1','1','0'),
 ('32','0','BURTON Cruzer','\"freeride/freestyle\"','0.1','13844.40','932_Bur_Cruz_155_m.gif','10','174_Bur_Cruz_155_m_small.jpg','1','0','','0','','2341.55','','burton-cruzer-32/','','0','BURTON Cruzer','BURTON Cruzer','BURTON Cruzer','','BURTON Cruzer','1','1','0'),
 ('33','0','Roces Khuti','Отличные ролики то Roces!','3.25','12956.94','919_khuti.jpg','5','294_khuti_small.jpg','4','0','','1','','2177.21','','roces-khuti-33/','','0','Roces Khuti','Roces Khuti','Roces Khuti','','Roces Khuti','1','1','0'),
 ('34','0','Roces Majestic 12','','0','12796.56','327_m12.jpg','10','157_m12_small.jpg','0','0','','1','','2147.51','','roces-majestic-12-34/','','0','Roces Majestic 12','Roces Majestic 12','Roces Majestic 12','','Roces Majestic 12','1','1','0'),
 ('35','0','Rollerblade TRS Access','Новая модель от RB','0','12000.00','643_RBaccess.jpg','16','337_RBaccess_small.jpg','0','0','','1','','2000.00','','rollerblade-trs-access-35/','','0','Rollerblade TRS Access','Rollerblade TRS Access','Rollerblade TRS Access','','Rollerblade TRS Access','1','1','0'),
 ('36','0','Штаны','','2.55','12101.58','697_192.gif','55','315_192_small.jpg','2','0','','1','','2018.81','','shtany-36/','','0','Штаны','Штаны','Штаны','','Штаны','1','1','0'),
 ('37','0','Штаны','','4.6','12112.26','693_193.gif','0','116_193_small.jpg','3','0','','1','','2020.79','','shtany-37/','','0','Штаны','Штаны','Штаны','','Штаны','1','1','0'),
 ('38','0','Кофта','от Roces:)','3.5','12251.28','194_095.gif','3','480_095_small.jpg','3','0','','1','','2046.53','','kofta-38/','','0','Кофта','Кофта','Кофта','','Кофта','1','1','0'),
 ('39','0','Diamond Rio Volt','Это первый CD-MP3 плейер в линейке продуктов компании SonicBLUE (Diamond/S3). Плейер имеет стильный дизайн, большой информативный экран, пульт дистанционного управления, поддерживает форматы MP3, WMA, способен работать с CD-R и CD-RW дисками.','3.40953','12796.56','riovolt_b.jpg','-1','697_riovolt_b_small.jpg','21','1','','1','','2147.51','','diamond-rio-volt-39/','','0','Diamond Rio Volt','Diamond Rio Volt','Diamond Rio Volt','','Diamond Rio Volt','1','1','0'),
 ('41','0','MPIO С-32 FM','Компактный проигрыватель MP3 файлов, а также: радио, диктофон и записная книжка \"в одном флаконе\". Объем памяти 32(64)Мb, слот расширения памяти, есть возможность подключения модуля цифровой фотокамеры! ','1.73333','12791.22','688_mpio[big].gif','0','812_mpio[big]_small.jpg','3','0','','1','','2146.52','','mpio-s-32-fm-41/','','0','MPIO С-32 FM','MPIO С-32 FM','MPIO С-32 FM','','MPIO С-32 FM','1','1','0'),
 ('44','0','Без лица','<p>фильм Джона Ву<br />\r\nв ролях: Джон Траволта, Николас Кедж<br />\r\nжанр: боевик</p>','2.88666','12122.88','548_4578.jpg','1','580_4578_small.jpg','15','0','','1','<p>фильм Джона Ву<br />\r\nв ролях: Джон Траволта, Николас Кедж</p>','2022.76','','bez-litsa-44/','','4','Без лица','Без лица','Без лица','','Без лица','1','1','0'),
 ('45','0','Coca-Cola','без комментариев','3.51','12005.28','732_469.jpg','23471','0','10','-9','','0','2 литра','2000.98','','coca-cola-45/','','0','Coca-Cola','Coca-Cola','Coca-Cola','','Coca-Cola','1','1','0'),
 ('46','0','Ром ``Капитан Морган``','Настоящий ямайский ром.\r\n Бутылка 1.','4.5','12074.82','46_captain_morgan.jpg','-2','0','4','-1','','1','1л','2013.86','','rom-``kapitan-morgan``-46/','','0','Ром ``Капитан Морган``','Ром ``Капитан Морган``','Ром ``Капитан Морган``','','Ром ``Капитан Морган``','1','1','0'),
 ('48','0','Минеральная вода','Минеральная природная вода!','2','12000.66','913_AsusTmp.bmp','51','75_AUTOEXEC.BAK','1','-1','','1','1.5l','2000.12','','mineralnaya-voda-48/','','0','Минеральная вода','Минеральная вода','Минеральная вода','','Минеральная вода','1','1','0'),
 ('49','0','Lexus RX300','','2.5','289992.00','825_RX300_1.jpg','382','115_RX300_1_small.jpg','8','0','','1','','53480.00','','lexus-rx300-49/','','0','Lexus RX300','Lexus RX300','Lexus RX300','','Lexus RX300','1','1','0'),
 ('52','0','Пиво ``Невское``','пр-во С-Петербург','5','12002.16','','22','','1','0','','1','0.5l','2000.40','','pivo-``nevskoe``-52/','','0','Пиво ``Невское``','Пиво ``Невское``','Пиво ``Невское``','','Пиво ``Невское``','1','1','0'),
 ('63','0','Lotus Esprit','','3.71111','396912.00','63_lotus0.jpg','5','63_lotus2.jpg','18','0','63_2lotus-640.jpg','1','','73280.00','','lotus-esprit-63/','','0','Lotus Esprit','Lotus Esprit','Lotus Esprit','','Lotus Esprit','1','1','0'),
 ('64','0','Lamborghini Diablo','','3.75','1027740.00','64_DSV2.jpg','58','64_DSV1.jpg','22','0','64_DSV3.jpg','1','','190100.00','','lamborghini-diablo-64/','','0','Lamborghini Diablo','Lamborghini Diablo','Lamborghini Diablo','','Lamborghini Diablo','1','1','0'),
 ('68','0','Hands Free','микрофон + наушники...\r\n удобен для разговоров, когда Выши руки заняты','0','12090.90','','346','','0','0','','1','микрофон + наушники','2016.83','','hands-free-68/','','0','Hands Free','Hands Free','Hands Free','','Hands Free','1','1','0'),
 ('70','0','Mercedes S600','<p>4.7 л., автомат, инжектор, полный привод, ABS, ESP, г/у руля, кондиционер, климат-контроль, сигнализация, иммобилайзер, центральный замок, электростеклоподъемники все, электропривод зеркал, обогрев зеркал, подогрев сидений, магнитола cd, dvd-плеер, бортовой компьютер, литые диски, тонировка, люк</p>','2','1829640.00','mercedes-s600-70.jpg','-19','mercedes-s600-70-S.jpg','1','31','mercedes-s600-70-B.jpg','1','<p>Самый лучший автомобиль в мире&nbsp;&nbsp;</p>','338600.00','','mercedes-s600-70/','67, 121','1','Mercedes «S600»','Mercedes S600','Mercedes S600','mercedes-600/','Mercedes S600','1','1','0'),
 ('72','0','South Park','<p>пародийный мультфильм про борьбу с матерей Америки с Канадой :)</p>','4.6','12064.14','southpark.gif','324','southpark.gif','13','0','southpark.gif','1','<p>приключения Cartman`а и его друзей</p>','2011.88','','south-park-72/','','4','South Park','South Park','South Park','','South Park','1','1','0'),
 ('73','0','Адвокат дьявола','','0','12085.50','','3123','','0','0','','1','','2015.83','','advokat-dyavola-73/','','4','Адвокат дьявола','Адвокат дьявола','Адвокат дьявола','','Адвокат дьявола','1','1','0'),
 ('76','0','15 минут славы','<p>Два психа приезжают в Америку. Один чех, другой русский. Один убивает людей, другой делает из процедуры убийств любительское кино. На первых же минутах под &quot;калинку-малинку&quot; режут и сжигают русского сантехника (Машков). Психи ищут славы. Психов ищут лучший нью-йоркский детектив (Де Ниро) и пожарник (Бернс). В историю мирового кинематографа эта картина войдет благодаря трем историческим моментам. Во-первых, впервые в кино действующая российская звезда (Владимир Машков) снимается в одном кадре с действующей американской звездой (Робертом Де Ниро). В этом судьбоносном кадре актер Де Ниро носком ботинка пошевелил до неузнаваемости обгорелый труп персонажа, в которого удачно перевоплотился актер Машков. К сожалению, требовательное отношение голливудских гримеров к обгорелым до неузнаваемости трупам, заставляет подозревать в покойнике дублера, но все равно приятно. Во-вторых, фильм &quot;15 Minutes&quot; обязательно попадет в учебники истории кино как поворотный этап в биографии стареющего, но не устающего размножать свои целлулоидные изображения Роберта Де Ниро. В одной из сцен, репетируя перед зеркалом признание в любви, таксист, бешеный бык и вечный мафиози, в течение нескольких секунд впервые выступает в своем новом и последнем амплуа: обаятельного шамкающего дедушки. В-третьих, в тех же учебниках, видимо, будет упомянуто, что именно после &quot;15 Minutes&quot; человечество разглядело некоторое неуклюжее очарование в кривом позвоночнике, бержераковском носе и неизменно незафиксированной нижней челюсти Эдварда Бернса. Хватит ли этого Бернсу, чтобы стать новым главным перегаром и щетиной Голливуда, непонятно, но школьницы от Пенсильвании до Пскова будут довольны. Помимо вышеперечисленного в картине есть стрельба, погони и мертвые проститутки - все, чем можно украсить выходной день.</p>','2.5','12085.50','','33','','2','0','','1','<p>Два психа приезжают в Америку. Один чех, другой русский. Один убивает людей, другой делает из процедуры убийств любительское кино ...</p>','2015.83','','15-minut-slavy-76/','','4','15 минут славы','15 минут славы','15 минут славы','','15 минут славы','1','1','0'),
 ('77','0','Американский пирог','<p>Пятеро старшеклассников заключают пакт, что потеряют девственность до выпускного вечера. Нехитрая завязка позволила авторам этой молодежной комедии собрать полную антологию сексуальных анекдотов, которые обычно под грифом &quot;правдивых историй&quot; рассказывают в школе на перемене в мужских туалетах. Фильм, опустившийся в шутках даже ниже пояса &quot;Остина Пауэрса&quot;, все же не превратился в бессвязный набор хулиганских сцен. Авторы проявили акробатическую ловкость: стянули эпизоды типа коитуса неопытного онаниста с яблочным пирогом в крепкий сюжет и преподнесли в форме, не оскорбительной для общественного вкуса.</p>','1.95','12085.50','','466','','2','0','','1','<p>Пол Вайц  Джейсон Биггс  Крис Кляйн</p>','2015.83','','amerikanskii-pirog-77/','','4','Американский пирог','Американский пирог','Американский пирог','','Американский пирог','1','1','0'),
 ('78','0','Американский пирог 2','<p>Аккурат через два года после того, как в первом &quot;Американском пироге&quot; во весь экран было дефлорировано одноименное кондитерское изделие, герои фильма-оригинала снова собрались вместе, чтобы вспомнить былое, поделиться впечатлениями о первом годе обучения в колледже и по ходу дела кому-нибудь приставить, куда-нибудь засадить и с кем-нибудь выступить. &quot;Пять мальчиков - пять чуланчиков. Разошлися мальчики в темные чуланчики - каждый мальчик в свой чуланчик&quot;. Это не про перчатку. Это про кино. Первый &quot;Американский пирог&quot; стал культовым произведением для всех, кто вспоминает школьные годы чудесные, даже окончив институт, для тех, кто помнит, как прилипает к зубам горячая жевательная резинка и вулканически извергается наружу концентрат пубертатного периода. Вторая часть саги - тоже для них. Разумеется, достигнуть обезоруживающей трепетности и вольготного разгула первой части удалось не во всем, да и мучное больше никто не терзает, но все равно хорошо. Есть в жизни вещи, о которых вспоминать не очень прилично, да и бессмысленно, но почему-то хочется до чесоточного зуда. Вроде того как впервые напился на школьном вечере и потом долго пугал унитаз. И даже если второй &quot;Пирог&quot; не оправдает всех возложенных на него ожиданий с точки зрения чистого кино и шуток юмора - его все равно надо смотреть. Потому что, когда на экране закончатся чужие приключения, никто не помешает окунуться в свои. И кино кажется этакой срамной индульгенцией. Билетом на речной трамвай, покачивающийся по волнам нетвердой памяти: &quot;Ох, было дело в мае &quot;</p>','0','12085.50','','2346','','0','0','','1','<p>Джеймс Роджерс<br />\r\nДжейсон Биггс<br />\r\nШэннон Элизабет</p>','2015.83','','amerikanskii-pirog-2-78/','','4','Американский пирог 2','Американский пирог 2','Американский пирог 2','','Американский пирог 2','1','1','0'),
 ('79','0','Ангелы Чарли','<p>Три подружки работают в детективном агентстве. Все трое - элитные шпионки. Невидимый начальник Чарли сообщает им о заданиях по телефону, и девушки пускаются во все тяжкие: прыгают из самолета на полном ходу, участвуют в автогонках, гоняют на скоростных катерах, проникают на секретные объекты, дерутся ногами и осваивают технику восточного массажа - чтобы вывести на чистую воду компьютерного гения-злодея, чьи планы грозят цивилизации полной утратой конфиденциальности. В песне Лу Рида &quot;Идеальный день&quot; герои пьют сангрию в сквере, кормят животных в зоопарке и ходят в кино. Американский певец забыл еще одно развлечение, без которого идеальный день - не такой идеальный. Правда, он мог о нем и не знать: это очень крымско-кавказское, курортно-отпускное, наше развлечение. Фотографироваться, подставляя лицо в картонные расписные фигуры русалок, матросов, джигитов и прочих экстремальных особей. Зато Дрю Бэрримор, продюсер и инициатор идеи снять киноверсию старого телесериала &quot;Ангелы Чарли&quot;, о чем-то таком подозревала. Ее проект - повод для трех милейших девушек, Кэмерон Диас (&quot;Все без ума от Мэри&quot;), Люси Лю (&quot;Элли Макбил&quot;) и самой Дрю, примерить на себя образы тирольских пейзанок, японских гейш, хайтековских мутантов, панк-див и даже усатых мужчин, весело перепрыгивая из &quot;феррари&quot; на &quot;харлей&quot;. Режиссер МакДжи, в свою очередь, подставляет свою милую клипмейкерскую мордаху в режиссерские образы Джона Ву, братьев Вачовски, Джона Хьюстона, создателей бондианы и анонимных постановщиков телесериалов. Ярмарочное веселье брызжет с экрана, превращая &quot;Ангелов&quot; в одно из главных развлекательных кинособытий года. Оставляет ли развлечение послевкусие? То же, что и идеальный день с его сангрией и зоопарком: приятную усталость, легкое головокружение и улыбку, которую даже навалившийся здоровый сон не прогонит с губ до самого утра.</p>','0','12085.50','','0','','0','0','','1','<p>МакДжи<br />\r\nКамерон Диас<br />\r\nДрю Бэрримор<br />\r\nБилл Мюррей<br />\r\nМэтт Ле Бланк<br />\r\nКелли Линч</p>','2015.83','','angely-charli-79/','','4','Ангелы Чарли','Ангелы Чарли','Ангелы Чарли','','Ангелы Чарли','1','1','0'),
 ('80','0','Корабельные новости','<p>Когда пьяная Петал (Бланшетт) после размолвки с очередным дружком сваливается в машину работника типографии Койла (Спейси), он не успевает и глазом моргнуть, как уже занимается буйным сексом, женится и остается один на один с разбитым сердцем, маленькой дочкой и не оплаченным сбежавшей женой счетом за квартиру. &quot;Пора прокатиться на родную землю&quot;, - задумчиво кивает тетка Агнес (Денч) и отвозит Койла в Ньюфаундленд, откуда вышли все Койлы, где снег лежит даже в мае, а единственный саундтрек обособленной жизни - плеск моря о борта рыбацких лодок, к которым в шторм присоединяется стон бревен родового дома. В 50-е годы был термин &quot;проблемный фильм&quot;. Им означали фрейдистские драмы с семейными тайнами, сексуальной символикой и психоаналитическим подтекстом, экранизации Теннесси Уильямса и Юджина О`Нила с хорошими актерами, игравшими освобождение от подавленных комплексов. &quot;Трамвай &quot;Желание&quot;, &quot;Сыновья и любовники&quot;, &quot;Любовь под вязами&quot; - классика. Такой тип старомодного развлечения воплотили бы и &quot;Корабельные новости&quot;, кабы не путь, пройденный кино за эти 40 лет. Фрейдистская трактовка жизненных явлений - условность; и делали ее приемлемой в прежних фильмах иные условности: вычурный свет в павильоне, театрализованная актерская игра. Современные фильмы снимают на натуре, на цветную пленку. Актеры достигли в игре новых уровней правдоподобия; никто в фильме - за исключением бесподобной Кейт Бланшетт - не в состоянии помыслить о наигрыше. В таком фильме психоаналитические откровения выглядят тем, чем они являются в реальной жизни, - допотопной наукой, доморощенными истинами. Есть, однако, в &quot;Новостях&quot; нечто, что заставляет позабыть наивность их откровений. Это пейзажи северного моря - панорамные, проветренные и холодные. Даже если б духи и призраки не были запланированы по сценарию, их можно было бы расслышать в скрипе корабельных сосен, записанном в системе Dolby Surround, разглядеть в дымке над скудными полями, снятыми на широкоэкранную пленку. Терапевтическое действие картинки не подлежит сомнению: два часа &quot;Корабельных новостей&quot; заменяют пачку реланиума.</p>','0','12085.50','','3473','','0','0','','1','<p>Лассе Хальстрем<br />\r\nКевин Спейси<br />\r\nДжулианна Мур<br />\r\nКейт Бланшетт</p>','2015.83','','korabelnye-novosti-80/','','4','Корабельные новости','Корабельные новости','Корабельные новости','','Корабельные новости','1','1','0'),
 ('81','0','Корпорация монстров','','0','12077.46','korporatsiya-monstrov-81.jpg','-9573','korporatsiya-monstrov-81-S.jpg','0','30','korporatsiya-monstrov-81-B.jpg','1','','2014.35','','korporatsiya-monstrov-81/','','4','Корпорация монстров','Корпорация монстров','Корпорация монстров','','Корпорация монстров','1','1','0'),
 ('82','0','Костолом','<p>Бывший капитан сборной Англии по футболу Дэнни Костолом (Винни Джонс), уличенный в связях с букмекерами, одной рукой держится за руль красного кабриолета, а другой за бутылку. За вождение в нетрезвом виде и сопротивление полиции его, звезду и национального героя, отправляют в тюрьму. В тюрьме Дэнни ждут наркоманы, подонки, кретины и две футбольные сборные: заключенных и охранников. Некогда знаменитый английский футболист Винни Джонс сделал карьеру в шоу-бизнесе одной левой: во время матча с &quot;Ньюкасл Юнайтед&quot; он своей мозолистой левой клешней схватил другого знаменитого английского футболиста, алкоголика и дебошира Пола Гаскойна, за яйца. И дело даже не в том, что один взрослый мужчина схватил другого за яйца, это в футболе обычное дело. И не в том, что это яйца Пола Гаскойна - хотя многих игроков Пол надолго отправлял в больницу за более скромные преступления против его личности. Дело в том, что один неизвестный фотограф сумел запечатлеть этот исторический момент на пленку. &quot;Свирепый Винни Джонс, ухвативший за промежность свирепого Пола Гаскойна&quot; стала едва ли не самой знаменитой спортивной фотографией всех времен и обошла все журналы. Впоследствии Гаскойн спился, а Джонс сыграл в фильмах &quot;Карты, деньги, два ствола&quot; и &quot;Большой куш&quot;, стал звездой, воплотил образ футболиста-алкоголика в &quot;Костоломе&quot; и собирается сняться вместе с Аль Пачино в триллере &quot;Слухи&quot; (в роли маньяка, убивающего гомосексуалистов). Так вот. Если вам нравится футбол, если вам нравятся брутальные английские комедии про бандитов, если вам симпатичен старина Винни, то лучше оставайтесь дома: это кино не для вас. Это кино для тех, кто любит отвратительного качества сентиментальные драмы на тему &quot;хороший человек в плену плохих обстоятельств&quot;. Еще одна, на этот раз безобразная, попытка выкачать немного фунтов стерлингов из промежности господина Гаскойна.</p>','0','12085.50','','346','','0','0','','1','<p>Бывший капитан сборной Англии по футболу Дэнни Костолом (Винни Джонс), уличенный в связях с букмекерами, одной рукой держится за руль красного кабриолета, а другой за бутылку. За вождение в нетрезвом виде и сопротивление полиции его, звезду и национального героя, отправляют в тюрьму.</p>','2015.83','','kostolom-82/','','4','Костолом','Костолом','Костолом','','Костолом','1','1','0'),
 ('83','0','Лара Крофт - расхитительница г','<p>На разных концах света, в Камбодже и в Заполярье, сокрыты две половины некоего магического треугольника. Соединивший их во время парада планет, который случается раз в пять тысяч лет, получит власть над временем. За половинками охотится тайное общество иллюминатов, стремящееся к господству над миром; остановить их может лишь авантюристка Лара Крофт (Анджелина Джоли). Как следует перемешайте Индиану Джонса с &quot;Матрицей&quot; и приправьте драками в полете из &quot;Крадущегося тигра, невидимого дракона&quot;. Назначьте на главную роль очень красивую актрису Анджелину Джоли (&quot;Угнать за 60 секунд&quot;). Найдите 80 миллионов долларов, чтобы показать, как она носится по миру в коротких шортиках и обтягивающей майке, летает на канатах под фортепианный концерт Баха и расстреливает с двух рук все, что шевелится. Просмотр такого фильма мог бы занять не худшие полтора часа вашей жизни. Казалось бы. Усилия съемочной группы ушли на то, чтобы полностью испортить все удовольствие. Камера у оператора торчит из того же места, что и руки у монтажеров, и головы у сценаристов и режиссера, и это не то место, о котором удобно упоминать в приличном обществе. Из десяти подростков, стоящих в очереди в &quot;Макдоналдсе&quot;, девять сняли бы такое кино гораздо лучше. Точнее - сыграли бы. &quot;Лара Крофт&quot; снята по мотивам бешено популярной компьютерной игры Tomb Raider, и если не судить творение режиссера Саймона Уэста (&quot;Воздушная тюрьма&quot;) по меркам кинематографа, то все становится на свои места. Как и в игре, герои беспомощно натыкаются друг на друга, вместо того чтобы как-то взаимодействовать. Как и в игре, вместо сюжета здесь - последовательность заданий: найти вход в храм, победить гигантских воинов-обезьян, вставить ключ в замок, перейти на следующий уровень. Все как в игре. Только вот на кнопки понажимать не удастся. Играют-то другие. А нам - смотреть.</p>','0','12085.50','','3646','','0','0','','1','<p>На разных концах света, в Камбодже и в Заполярье, сокрыты две половины некоего магического треугольника. Соединивший их во время парада планет, который случается раз в пять тысяч лет, получит власть над временем ...</p>','2015.83','','lara-kroft-rashititelnitsa-g-83/','','4','Лара Крофт - расхитительница г','Лара Крофт - расхитительница г','Лара Крофт - расхитительница г','','Лара Крофт - расхитительница г','1','1','0'),
 ('84','0','Планета обезьян','<p>Спасая в открытом космосе любимую подопытную обезьянку, капитан ВВС США Лео Дэвидсон (Валберг) проходит через временную петлю и попадает на зеленую планету, подозрительно напоминающую Землю. Люди там ведут себя, как дикие животные, а порядки наводят обезьяны, организованные в тоталитарное средневековое общество. В обезьяньем плену Лео познает множество зверских унижений и в конце концов решает бежать - через пустыню и джунгли, к разбитому звездолету. Компанию ему составляют туземка Даена (Уоррен), с которой у него роман, и человеколюбивая шимпанзе Ари (Бонэм-Картер), с которой у него тоже роман, но бесперспективный. Впереди - погони, драки, баталии и восстание зверолюдей под предводительством человека. Как говорят в голливудских кулуарах, чтобы не тратить слов: &quot;Спартак встречает Индиану Джонса&quot;. При всей своей грандиозности, новый фильм всеми любимого Тима Бартона обладает удивительной легковесностью. Он улетучивается из системы еще до того, как в зале зажегся свет. Я начал его смотреть в восторге, закончил в недоумении, а теперь, несколько недель спустя, с трудом припоминаю, что там и как. И то, что я вспоминаю, нравится мне все меньше. Перед самой американской премьерой стало известно, что Бартон снял для картины пять финалов. Парадоксальный финал - торговая марка бренда &quot;Планета обезьян&quot;. Первый, классический, фильм 1968 года (только что вышедший у нас на видео в пакете с четырьмя сиквелами) заканчивался тем, что сбежавший герой обнаруживал поверженную статую Свободы и понимал, что все это время был на Земле. Бартону, заявившему, что он не переделывает, а воображает классику заново, необходимо было придумать свою неожиданную концовку. Но за рекламной шумихой с угрозами суда в случае разглашения никто как-то не отдал себе отчета в том, что если у человека есть пять финалов для его истории, это означает, что сказать ему, вообще-то, нечего.</p>','0','12085.50','','0','','0','0','','1','<p>Спасая в открытом космосе любимую подопытную обезьянку, капитан ВВС США Лео Дэвидсон (Валберг) проходит через временную петлю и попадает на зеленую планету, подозрительно напоминающую Землю. Люди там ведут себя, как дикие животные, а порядки наводят обезьяны, организованные в тоталитарное средневековое общество.</p>','2015.83','','planeta-obezyan-84/','','4','Планета обезьян','Планета обезьян','Планета обезьян','','Планета обезьян','1','1','0'),
 ('85','0','Побег из курятника','<p>Тем, кто приходил на утреннюю перекличку без яиц, отрубали голову. Куры жили на ферме в постоянном страхе смерти, и только поджарая Пеструшка то и дело норовила пролезть под стальную проволоку ограды и сбежать на свободу, за что большую часть времени томилась в одиночном карцере. На ее счастье в курятник прямо с неба свалился летающий американский петух Рокки, и свободолюбивая наседка задумала с его помощью освободить всех своих товарок. Полнометражный пластилиновый мультфильм - пародия на фильмы о концлагерях. В первую очередь, на голливудскую классику &quot;Концлагерь N17&quot; и &quot;Большой побег&quot;, хотя современный зритель скорее увидит аналогии с комедией Роберто Бениньи &quot;Жизнь прекрасна&quot;. Тема концлагерей позволила ехидным британским мультипликаторам выйти со своей нестандартной сказкой на Стивена Спилберга, и тот со свойственным ему напором нувориша раскрутил культовый, в принципе, фильм до статуса международного хита для семейного просмотра. Но народ не зря сочинил мудрость &quot;Всяк сверчок знай свой шесток&quot;, вполне применимую и к курам. Режиссер Ник Парк создал в 90-е серию жанровых пластилиновых короткометражек о недотепе Волласе и его псе Громите, где в сжатой форме отыграл приемы фантастического фильма (&quot;Большие каникулы&quot;), детектива (&quot;Неправильные штаны&quot;) и триллера (&quot;Тщательное брить &quot;). Он стал любимцем завсегдатаев Музея кино. Его вклад в анализ киноязыка сравним по значению со вкладом Годара. Его новых короткометражек синематеки всего мира дожидаются как манны небесной. Но как Годар немыслим в качестве постановщика &quot;Списка Шиндлера&quot;, так Парк оказался неудобоварим в полнометражном формате. О киноязыке забыто; фильм - насквозь разговорный, держится на диалогах кур, слепленных по единому шаблону и неотличимых друг от друга. По сравнению с короткометражками о Волласе и Громите, полуторачасовой &quot;Побег&quot; кажется бесформенным куском пластилина, расплавленным в доменной печи голливудского концлагеря.</p>','0','12077.46','','44','','0','0','','1','<p>Тем, кто приходил на утреннюю перекличку без яиц, отрубали голову. Куры жили на ферме в постоянном страхе смерти, и только поджарая Пеструшка то и дело норовила пролезть под стальную проволоку ограды и сбежать на свободу, за что большую часть времени томилась в одиночном карцере. На ее счастье в курятник прямо с неба свалился летающий американский петух Рокки ...</p>','2014.35','','pobeg-iz-kuryatnika-85/','','4','Побег из курятника','Побег из курятника','Побег из курятника','','Побег из курятника','1','1','0'),
 ('87','0','Помни...','<p>Он убил его. Завел в гараж и пристрелил. Отомстил за жену, которую тот, другой, изнасиловал и убил. Он ездит на последней модели &quot;ягуара&quot; и носит дизайнерские костюмы. В городе его не знают. Его имя назовет консьерж мотеля &quot;Дискаунт Инн&quot;, где он остановился: Леонард Шелби. &quot;Ягуар&quot; Леонарда Шелби - единственный дорогой автомобиль, припаркованный у &quot;Дискаунт Инн&quot;: это очень дешевый мотель. Консьерж расскажет, что Леонард Шелби потерял память два года назад. После смерти жены. Шелби помнит только то, что произошло до. Все, что случается после, он не способен удержать в голове больше десяти минут. Новых знакомых он фотографирует &quot;Поляроидом&quot; и делает подписи с их именами. Чтобы не забыть, что он должен сделать, он пишет себе записки. Чтобы не забыть то, что не должен забыть никогда, - татуировки. На его груди вытатуировано слово &quot;Месть&quot;. На руках, ногах и животе появляются все новые, наверняка доказанные приметы убийцы, к которому он подбирается все ближе. &quot;Помни...&quot;, дважды награжденный призами за лучший сценарий - Лондонской ассоциацией кинокритиков и жюри фестиваля в Санденсе, - детектив задом наперед. С первого кадра известно, что Шелби убил некоего Тедди; предмет интриги здесь - путь, которым Шелби на него выходил. Этот путь показан в обратном порядке: от записки к записке, от поляроида к поляроиду, от тату к тату. Если бы вся суть &quot;Помни...&quot; сводилась к этому приему, интерес остыл бы на тридцатой минуте. Несмотря на воссозданное оператором и, теперь уже без преувеличений, великим австралийским актером Гаем Пирсом (на фото, &quot;Приключения Присциллы, королевы пустыни&quot;) гипнотическое чувство утраты памяти, которое передается в зал, что само по себе - экстремальный аттракцион, фильм сложнее. Не вдаваясь в подробности (иначе придется лишить зрителей будущего удовольствия), фильм не только поворачивает сюжет вспять, но и выворачивает наизнанку систему построения криминальной интриги. &quot;Помни...&quot; раскрывает механизм действия ловушек, на которых строили свои произведения все криминальные авторы, от Агаты Кристи до Дэшила Хэммета и от Джона Хьюстона до, если угодно, Тарантино и Сингера (&quot;Обычные подозреваемые&quot;), в один ряд с фильмами которых западная критика поставила этот новаторский детектив. Это как если бы Гудини или Копперфильд после долгих лет уговоров показали бы механизм всех своих фокусов. Но, как и должно случиться после сеанса черной магии с последующим разоблачением, он оставит новое чувство пустоты: после &quot;Помни...&quot; еще долго не захочется смотреть триллеры, черные фильмы и детективы, а если когда-нибудь и захочется, то не факт что получится: из конструкций полезут знакомые нитки. Объявив &quot;Помни...&quot; неоклассикой, Запад вряд ли задумался, что это еще и надгробный камень жанра. Конец одного из популярных развлечений ХХ века. Прощание с любимым. Начало новой жизни.</p>','0.1','12085.50','','444','','1','0','','1','<p>Он убил его. Завел в гараж и пристрелил. Отомстил за жену, которую тот, другой, изнасиловал и убил. Он ездит на последней модели &quot;ягуара&quot; и носит дизайнерские костюмы. В городе его не знают...</p>','2015.83','','pomni--87/','','4','Помни...','Помни...','Помни...','','Помни...','1','1','0'),
 ('88','0','Радиоволна','<p>Когда девушка покинула Джима Салливана, молодого копа, он достал из холодильника пиво и стал копаться в старых вещах давно погибшего отца-пожарника. Среди них он нашел допотопную рацию и принялся меланхолично -все, что он делал, он делал меланхолично -играть с частотами. Одна из радиоволн откликнулась голосом из 1969-го: его отец беседовал с ним за день до того рокового пожара. Джим предупредит отца об опасности и с помощью радиоволн сделает невозможное -запишет на волны времени историю, отличную от тех тридцати лет одиночества, что прошли с 1969 года.Когда девушки покидают парней, те, оставшись одни, достают пиво из холодильника и наследство своих отцов: старый мяч, знавший каждый кирпич родного двора, перочинный нож, строгавший рогатки, или рабочий инструмент вроде рации из фильма. Когда девушки покидают парней, те, оставшись одни, постигают одиночество своих отцов, их единственное наследство. &quot;Радиоволна&quot; предлагает утопическое видение: как отец и сын преодолевают свое одиночество, залатывая при помощи радиосвязи между двумя мирами пространство и время. Сам фильм словно настраивается на волну конца 60-х -весь из сверхкрупных планов лиц переговаривающихся героев, растянутых до широкого формата, совсем как в кинолентах тех лет. Спонтанное движение камеры, которая то дергается, как от электрошока, то застывает на несколько минут, напоминает попытки настройки на радиоволну, то и дело ускользающую от слушателя, прорывающуюся лишь краткими хриплыми фрагментами забытых песен. Попытки, впрочем, попытками и остаются: разговорная драма с неуклюжей криминальной линией никак не превращается в законченное произведение. Но сама тема (прогулки по волнам памяти, поиски утраченного времени, вечная потребность в Отце) настолько сентиментальна, что достаточно спроецировать на сюжет собственный опыт, и волна эмоции -вопреки несовершенству фильма -проявит себя нечаянными слезами.</p>','0','12085.50','','22','','0','0','','1','<p>Когда девушка покинула Джима Салливана, молодого копа, он достал из холодильника пиво и стал копаться в старых вещах давно погибшего отца-пожарника. Среди них он нашел допотопную рацию и принялся меланхолично -все, что он делал, он делал меланхолично -играть с частотами. Одна из радиоволн откликнулась голосом из 1969-го ...</p>','2015.83','','radiovolna-88/','','4','Радиоволна','Радиоволна','Радиоволна','','Радиоволна','1','1','0'),
 ('89','0','XXX (Три Икса)','<p>Пройдя ряд жизнеопасных испытаний, лысый байкер по кличке Икс (Вин Дизель) получает поистине джеймсбондовское задание: проникнуть в Праге в террористическую организацию &quot;Анархия-99&quot;, сразить злодея, выручить девушку и спасти мир. Скорее признание в любви, чем пародия на &quot;007&quot;, отличается от оригинала тоном беспробудного веселья, с каким взрываются здания и мотоциклы, и Вином Дизелем - не суперменом, а комиком, прирожденным, но неумелым, стесняющимся своего комедийного дарования и потому особенно обаятельным.</p>','0','12104.76','','0','','0','0','','1','<p>Пройдя ряд жизнеопасных испытаний, лысый байкер по кличке Икс (Вин Дизель) получает поистине джеймсбондовское задание: проникнуть в Праге в террористическую организацию &quot;Анархия-99&quot;, сразить злодея, выручить девушку и спасти мир...</p>','2019.40','','xxx-(tri-iksa)-89/','','4','XXX (Три Икса)','XXX (Три Икса)','XXX (Три Икса)','','XXX (Три Икса)','1','1','0'),
 ('90','0','Угнать за 60 секунд','<p>&quot;Угнать за 60 секунд&quot; - последнее приключение завязавшего автоугонщика (Николас Кейдж). Чтобы спасти брата от мафии, у него есть только одна ночь, за которую он с командой профессионалов должен угнать 100 машин. В основе - культовый одноименный фильм 1974 года, вошедший в историю кино самой длинной автопогоней (45 минут) и рекордным числом разбитых машин на единицу времени (93 машины за 97 минут). Режиссер и исполнитель главной роли в старом фильме Х.Б.Халики погиб при исполнении. Дорогостоящий римейк вряд ли будет богат на характеры и взаимоотношения, зато - это точно кино скоростей, переворачивающихся машин, мигающих таймеров и визга тормозов.</p>','0','12070.02','','0','','0','0','','1','<p>&quot;Угнать за 60 секунд&quot; - последнее приключение завязавшего автоугонщика (Николас Кейдж). Чтобы спасти брата от мафии, у него есть только одна ночь, за которую он с командой профессионалов должен угнать 100 машин.</p>','2012.97','','ugnat-za-60-sekund-90/','','4','Угнать за 60 секунд','Угнать за 60 секунд','Угнать за 60 секунд','','Угнать за 60 секунд','1','1','0'),
 ('91','0','Формула 51','<p>Лишенный лицензии американский фармацевтический гений (Сэмюэль Л.Джексон) изобретает наркотик, который в 51 раз веселее всех существующих, и пытается продать его. В этом ему помогают один английский подонок (Роберт Карлайл) и бывшая подружка английского подонка (Эмили Мортимер), наемная убийца и тоже подонок, хоть и красавица. Когда известный актер становится продюсером собственных фильмов, в этом всегда есть что-то интимное: вот вы думали, что я такой, а на самом деле я всегда хотел быть вот каким. Того и гляди, узнаешь о нем что-нибудь неприличное. Но актерские мечты Сэмюэля Л.Джексона, воплощенные на его же средства, оказались забавными, местами глупыми и совсем без претензий. Он снял криминальную комедию. Идеальный герой для актера Сэмюэля Л.Джексона, по представлениям его самого, ходит в шотландской юбке, заплетает длинные волосы в косы и, прежде чем ударить врага клюшкой для гольфа, должен обязательно пошутить. Как если бы Жюль из &quot;Криминального чтива&quot; имел высшее образование. Главного подонка в исполнении музыканта Мита Лоуфа зрители тоже уже видели: помните террориста с сиськами из &quot;Бойцовского клуба&quot; (&quot;его имя Роберт Полсон, его имя &quot;)? Здесь он играет &quot;Ящера&quot; - тоже остервенелого, только без сисек, зато с обожженной физиономией. И третий актер, повторяющий свою самую удачную роль, - Роберт Карлайл, отмороженный сильнее других придурок из &quot;Трэйнспоттинга&quot;. Здесь он вновь без всяких заметных усилий перевоплощается в самого невменяемого из британских отбросов: на красном &quot;ягуаре&quot; в красной майке &quot;Ливерпуля&quot; под кожаной курткой он ввязывается в бессмысленные события исключительно ради билета на футбол. Все эти замечательные актеры бегают, шутят, стреляют, говорят &quot;fuck&quot;, бьют машины, опять стреляют и с удовольствием играют то, что когда-то уже с удовольствием играли. Исключительно ради собственного удовольствия.</p>','0','12098.10','','0','','0','0','','1','<p>Лишенный лицензии американский фармацевтический гений (Сэмюэль Л.Джексон) изобретает наркотик, который в 51 раз веселее всех существующих, и пытается продать его. В этом ему помогают один английский подонок (Роберт Карлайл) и бывшая подружка английского подонка (Эмили Мортимер), наемная убийца и тоже подонок, хоть и красавица...</p>','2018.17','','formula-51-91/','','4','Формула 51','Формула 51','Формула 51','','Формула 51','1','1','0'),
 ('92','0','Форсаж','<p>Брайан (Уокер) хочет быть - как Доминик (Дизель). А Доминик невозмутимо чешет череп за перегородкой в своем баре, пока окрестные амбалы устраивают в его заведении драки. Доминик - лучший гонщик города, подпольный гонщик. Брайан - так, авторемонтник. Но он покупает мощности для своей машины и едет ночью на гонки - посостязаться с Домиником. Проигрывает, конечно, зато спасает Доминика от нагрянувшей полиции. &quot;Форсаж&quot; мог бы получиться легким и энергичным фильмом о запахе мужчины - запахе авантюры. Два актера подобраны безупречно. Уокер (&quot;Черепа&quot;), с ясными глазами, аккуратно подстриженными кудрями и жестокими скулами, очень напоминает молодого Делона. Расхлябанный Дизель (&quot;Черная дыра&quot;), с хамоватой ухмылкой на губах, - вылитый Челентано. Когда Уокер в первый раз видит медведеподобного Дизеля, он расплывается в мальчишеской улыбке - с таким мужиком точно приключений не оберешься. К сожалению, все долгие два часа двум отличным парням остается только глупо поглядывать друг на друга, дружески похлопывать по плечам и тяжело дышать, источая неизрасходованный запас обоюдной симпатии. В Голливуде - явно не сезон для делонов и челентан и их криминальных нежностей. Сценарий фильма напоминает свалку подержанных автомобилей, из которых хозяева вытащили все мало-мальски пригодные запчасти. Все самое банальное, тугое, некрасивое и неинтересное, что вы в последнее время видели в дешевых американских фильмах на канале Ren TV, - теперь на большом экране, с утомительным визгом тормозов в системе Dolby Digital Surround EX. Посреди стоят и разводят громадными ручищами Уокер с Дизелем - они могли бы сыграть потрясающую историю про двух авантюристов, если бы сценаристы позаботились о том, чтоб ее написать.</p>','0','12077.46','','0','','0','0','','1','<p>Брайан (Уокер) хочет быть - как Доминик (Дизель). А Доминик невозмутимо чешет череп за перегородкой в своем баре, пока окрестные амбалы устраивают в его заведении драки. Доминик - лучший гонщик города, подпольный гонщик. Брайан - так, авторемонтник. Но он покупает мощности для своей машины и едет ночью на гонки - посостязаться с Домиником. Проигрывает, конечно, зато спасает Доминика от нагрянувшей полиции...</p>','2014.35','','forsazh-92/','','4','Форсаж','Форсаж','Форсаж','','Форсаж','1','1','0'),
 ('93','0','Compaq iPAQ H3760','По Compaq iPAQ H3760 видно, как далеко зашла технология производства карманных компьютеров. По мере того как размывается граница между личной и деловой жизнью, должен исчезнуть и разрыв между постоянной потребностью в информации и ограничениями по времени и месту. Создавая карманный компьютер iPAQ, компания Compaq применила радикально новый подход, чтобы добиться интуитивно простого управления и облегчить использование компьютера. Вы получаете непрерывный доступ к информации, данным, к Интернету, электронной почте, к деловой и личной информации.','3.76667','13951.32','40212.jpg','1111','40212_s.jpg','3','0','','1','3.8’’, 240 х 320, 206MHz, 64MB, 32MB ROM, стилус, сенсорный экран, MS Pocket PC 2002','2361.35','','compaq-ipaq-h3760-93/','','0','Compaq iPAQ H3760','Compaq iPAQ H3760','Compaq iPAQ H3760','','Compaq iPAQ H3760','1','1','0'),
 ('94','0','HP Jornada 568','Встречи, собрания, проекты и планы — иногда так трудно успеть все. Речь не о том, как организовать дела — а о том, как сделать больше в дороге. Карманные компьютеры серии HP Jornada 560 имеют все для того, чтобы Вы могли ловко манипулировать повседневными мелочами — и получать от этого удовольствие. Яркий отражающий 16 битный цветной экран гарантирует четкое изображение как в помещении, так и вне его. Большая ёмкость стандартной съемной батареи позволит Вам непрерывно работать на Вашем карманном компьютере до 14 часов. 32Мб (Jornada 565) или 64 Мб (Jornada 568) оперативной памяти дают возможность загрузить большее число приложений и хранить большее количество информации, быстрый доступ к которой обеспечивается процессором StrongArm с частотой 206 МГц. Работайте с мобильными версиями привычных программ компании Microsoft, версиями программ для Pocket PC — Outlook, Word, Excel. Подключайтесь к Интернету, проверяйте и отправляёте электронную почту или подсоединяйтесь к другим совместимым карманным устройством и персональным компьютерам. Синхронизируйте информацию на HP Jornada с Вашим настольным компьютером одним нажатием кнопки. Возьмите с собой Ваш карманный компьютер и работайте с Вашими контактами, задачами, расписаниями и заметками в дороге. ','0','14838.72','18787.jpg','11111','18787_s.jpg','0','0','','1','3.5’’, 240х320, 206MHz, 64MB, 32MB ROM, сенсорный экран, Win CE ','2525.69','','hp-jornada-568-94/','','0','HP Jornada 568','HP Jornada 568','HP Jornada 568','','HP Jornada 568','1','1','0'),
 ('95','0','Rover Computers RoverPC P5','Компания Rover Computers запустила представляет новую модель карманного компьютера RoverPC P5. Новая платформа, выбранная для RoverPC P5, отличается более высоким качеством, более высокой надежностью (как показали испытания), совершенной компоновкой (слоты SD/MMC и Compact Flash уже встроены в корпус), а также ценой (более 20% ниже, чем у P6). Технические параметры RoverPC P5: Операционная система: Microsoft PocketPC 2002 (русская версия); Процессор: Intel StrongArm 206МГц; Память: 32Мб Flash ROM, 64Мб RAM; Экран: 240х320, 65,536 цветов; Слоты расширения: Compact Flash I/II, SD/MMC; Интерфейсы: USB, IrDA; Батарея: Advanced Li-Ion 1050mAh; Размеры: 125х77.6х16.3; Вес:150 г. Модель RoverPC P5 полностью локализована, при этом пользователь RoverPC P5 может самостоятельно выбирать между английским и русским интерфейсами  ','2.54','14213.22','53101.jpg','11111','53101_s.jpg','15','0','','1','3.5’’, 240 х 320, 206MHz, 64MB, 32MB ROM, стилус, сенсорный экран, MS Pocket PC 2002 ','2409.86','','rover-computers-roverpc-p5-95/','','0','Rover Computers RoverPC P5','Rover Computers RoverPC P5','Rover Computers RoverPC P5','','Rover Computers RoverPC P5','1','1','0'),
 ('96','0','Fujitsu Siemens Pocket LOOX 600','Новый КПК Pocket LOOX производства компании Fujitsu Siemens Computers на базе процессора Intel PXA250 с микроархитектурой Intel XScale - это новые коммуникационные возможности и шаг в будущее мобильных технологий. Высокая производительность и технология низкого энергопотребления нового процессора Intel PXA250 делают КПК Pocket LOOX мобильным решением, которое отвечает требованиям как индивидуальных пользователей, так и бизнес-клиентов. Работающее на базе Microsoft Pocket PC 2002 миниатюрное и легкое устройство с длительным сроком действия батареи может трансформироваться в мобильный телефон, являясь, таким образом, критически важным бизнес-инструментом для мобильных профессионалов и требовательных пользователей. КПК оснащен цветным сенсорным экраном, а также встроенным модулем Bluetooth и подключаемым модулем GPRS. Интеграция данных технологий и установленного ПО делает возможным беспроводное подключение к настольному компьютеру, а также быструю синхронизацию календарных записей, контактов, входящих сообщений, программ и файлов. Подсоединение к базовой станции Bluetooth дает возможность просматривать информацию в web, проверять электронную почту и получать оперативную информацию. Что касается подключаемого модуля GPRS, то он добавляет новому Pocket LOOX полную функциональность мобильного телефона.  ','0','15036.54','50801.jpg','11111','50801_s.jpg','0','0','','1','3.5’’, 240 х 320, 400MHz, 64MB, 32MB ROM, стилус, сенсорный экран, MS Pocket PC 2002  ','2562.32','','fujitsu-siemens-pocket-loox-600-96/','','0','Fujitsu Siemens Pocket LOOX 600','Fujitsu Siemens Pocket LOOX 600','Fujitsu Siemens Pocket LOOX 600','','Fujitsu Siemens Pocket LOOX 600','1','1','0'),
 ('98','0','Nec Mobile Pro P300e','3.5’’, 240 х 320, 206MHz, 64MB, 32MB ROM, стилус, MS Pocket PC 2002 ','3','14015.46','42514.jpg','11111','42514_s.jpg','1','0','','1','3.5’’, 240 х 320, 206MHz, 64MB, 32MB ROM, стилус, MS Pocket PC 2002 ','2373.23','','nec-mobile-pro-p300e-98/','','0','Nec Mobile Pro P300e','Nec Mobile Pro P300e','Nec Mobile Pro P300e','','Nec Mobile Pro P300e','1','1','0'),
 ('99','0','Rover Computers RoverBook Voyager CT7W+','Cel 1.7GHz, 15.1’’ TFT, 128MB, 20.0GB,\r\n\r\nAGP, CD-ROM, 56К, 10/100 Eth, Win XP ','2.55','17773.68','44893.jpg','0','44893_s.jpg','2','0','','1','Cel 1.7GHz, 15.1’’ TFT, 128MB, 20.0GB,\r\n\r\nAGP, CD-ROM, 56К, 10/100 Eth, Win XP ','3069.20','','rover-computers-roverbook-voyager-ct7w--99/','','0','Rover Computers RoverBook Voyager CT7W+','Rover Computers RoverBook Voyager CT7W+','Rover Computers RoverBook Voyager CT7W+','','Rover Computers RoverBook Voyager CT7W+','1','1','0'),
 ('100','0','IBM ThinkPad A31p','Непревзойдённый модельный ряд мобильных супер-компьютеров с утончённым дизайном для работы пользователя в любых условиях! Ноутбуки IBM ThinkPad - это революционный дизайн сверхлегкого корпуса без ущерба для вычислительной мощности, функциональности и коммуникаций. Приобретая новый ноутбук все-в-одном IBM ThinkPad A Series, Вы получаете полноценную альтернативу настольному компьютеру и возможность выбора из широкого ряда моделей: от недорогих ноутбуков начального уровня до высокопроизводительных ноутбуков с непревзойденными графическими возможностями. Ощутите всю мощь новых процессоров Intel Celeron и Intel Pentium III и Intel Pentium 4. Полноценная замена настольных компьютеров, ноутбуки \"все-в-одном\" IBM ThinkPad A Series, смогут существенно улучшить и в то же время упростить Ваши мобильные вычисления. Вы получите в свое распоряжение высокоэффективные графические возможности, доступ в Интернет путем нажатия всего лишь одной клавиши и поддержку возможности беспроводного соединения с другими устройствами. К тому же все опции к A Series взаимозаменяемы с опциями к новым ноутбукам ThinkPad T Series, так что Вы сможете менять Ultrabay 2000 устройства, память и адаптеры.  ','3.75','25953.06','27183.jpg','11111','27183_s.jpg','6','0','','1','P-IV 1.7GHz, 15’’ TFT, 256MB, 60.0GB, 64MB AGP, DVD-R/CD-RW комбо, 56К, 10/100 Eth, wireless, WinXP Pro ','4583.90','','ibm-thinkpad-a31p-100/','','0','IBM ThinkPad A31p','IBM ThinkPad A31p','IBM ThinkPad A31p','','IBM ThinkPad A31p','1','1','0'),
 ('101','0','IBM ThinkPad T30 2366-89G','Хочется иметь легкий, мощный, да к тому же престижный ноутбук, подчеркивающий ваш успех в бизнесе, но не знаете, как все это совместить? IBM ThinkPad T30 — вот ответ! Модели ThinkPad Т Series используют яркую 14-дюймовую TFT-матрицу, полноразмерную клавиатуру с возможностью прокрутки и новейшие разработки IBM и Intel для мобильных систем. Компьютеры T Series имеют корпус из титанового композита — материала, позволившего не только облегчить конструкцию, но и придать ей дополнительную прочность и обеспечить великолепный отвод тепла. Разъем UltraPort поможет вам превратить ноутбук в фото- или видеокамеру, подключиться к видеоконференции. Уникальное устройство подсветки клавиатуры ThinkLight™ позволит работать в самолете или автомобиле не испытывая дискомфорта и совместимо с ThinkPad Port Replicator и ThinkPad Dock. Новое позиционирующее устройство UltraNav объединяет хорошо известный манипулятор TrackPoint и настраиваемую сенсорную панель TouchPad, углы которой могут использоваться для быстрого запуска приложений или перехода к избранным web-сайтам. К тому же, все опции к T Series взаимозаменяемы с опциями к новым ноутбукам ThinkPad A Series, так что вы сможете менять устройства Ultrabay 2000, память и адаптеры. Включение в корпус титановых композиционных материалов делает ThinkPad T Series невероятно прочным, а дополнительный встроенный амортиза.  ','0','28946.82','39947.jpg','11110','39947_s.jpg','0','0','','1','P-IV 2000GHz, 14.1’’ TFT, 256MB, 40.0GB, 16MB AGP, DVD-ROM, 56К, 10/100 Eth, wireless, WinXP Pro ','5138.30','','ibm-thinkpad-t30-2366-89g-101/','','0','IBM ThinkPad T30 2366-89G','IBM ThinkPad T30 2366-89G','IBM ThinkPad T30 2366-89G','','IBM ThinkPad T30 2366-89G','1','1','0'),
 ('102','0','Toshiba Tecra 9100','P-IV 1.4GHz, 14.1’’ TFT, 256MB, 20GB, 16MB AGP, DVD-ROM, 56К, 10/100 Eth, wireless, WinXP Pro  <p> Компания Toshiba предлагает большой выбор разнообразных дополнительных устройств и аксессуаров к своим ноутбукам семейств Portege, Satellite, Satellite Pro и Tecra. В зависимости от ваших потребностей вы можете выбрать дополнительные модули памяти, жесткие диски, приводы FDD, CD-ROM, CD-RW, DVD-ROM, модемы и сетевые карты PCMCIA, порт-репликаторы, стыковочные модули, дополнительные аккумуляторные батареи, периферию, а также специальные сумки для ноутбуков. Использование этих устройств и аксессуаров позволит вам не только повысить эффективность работы с ноутбуками Toshiba, но и сделает ее намного удобнее.  ','0','24349.26','28187.jpg','11111','28187_s.jpg','0','0','','1','P-IV 1.4GHz, 14.1’’ TFT, 256MB, 20GB, 16MB AGP, DVD-ROM, 56К, 10/100 Eth, wireless, WinXP Pro ','4286.90','','toshiba-tecra-9100-102/','','0','Toshiba Tecra 9100','Toshiba Tecra 9100','Toshiba Tecra 9100','','Toshiba Tecra 9100','1','1','0'),
 ('103','0','Fujitsu Siemens LifeBook P-1110','TM5800 733MHz, 8.9’’ TFT, 256MB, 20GB, 4MB AGP, 56К, 10/100 Eth, WinXP ','2.85','20035.02','42499.jpg','1111','42499_s.jpg','4','0','','1','TM5800 733MHz, 8.9’’ TFT, 256MB, 20GB, 4MB AGP, 56К, 10/100 Eth, WinXP ','3487.97','','fujitsu-siemens-lifebook-p-1110-103/','','0','Fujitsu Siemens LifeBook P-1110','Fujitsu Siemens LifeBook P-1110','Fujitsu Siemens LifeBook P-1110','','Fujitsu Siemens LifeBook P-1110','1','1','0'),
 ('104','0','IBM NetVista M42','Модель NetVista M42 - сегодня самая производительная среди настольных компьютеров IBM. Она также выполнена на базе процессора Intel Pentium 4 и снабжена шестью USB-портами версии 2.0. Этот компьютер будет поставляться в четырех различных корпусах, включая Mini Desktop с небольшой площадью опоры и возможностью горизонтальной либо вертикальной ориентации блока. В некоторые модификации M42 встроен адаптер Gigabit Ethernet для подключения системы к высокоскоростным сетям.  ','0.1','18158.58','42623.jpg','0','42623_s.jpg','1','0','','1','P-IV 2.0GHz, 256MB PC2100 DDR SDRAM, 40GB, CD-ROM, AGP, 10/100 Eth, WinXP Pro ','3140.48','','ibm-netvista-m42-104/','','0','IBM NetVista M42','IBM NetVista M42','IBM NetVista M42','','IBM NetVista M42','1','1','0'),
 ('105','0','HP Compaq Evo D310','Настольные ПК Evo DESKTOP серии D300 - можно охарактеризовать девизом \"Все что нужно и ничего лишнего\". Эта машина выпускается в различных вариантах корпуса и предназначена для удовлетворения потребностей пользователей в обеспечении всех необходимых деловых манипуляций по доступной цене. Compaq EVO D310 в исполнении Micro Desktop – это удобный дизайн корпуса, наиболее полный набор функций настольного ПК, при этом очень привлекательная цена.  ','2.96667','18452.64','41772.jpg','0','41772_s.jpg','3','0','','1','P-IV 2.4GHz, 256MB PC2100 DDR SDRAM, 40GB, CD-RW, Direct AGP, 10/100 Eth, WinXP Pro ','3194.93','','hp-compaq-evo-d310-105/','','0','HP Compaq Evo D310','HP Compaq Evo D310','HP Compaq Evo D310','','HP Compaq Evo D310','1','1','0'),
 ('106','0','Samsung CD Yepp MCD-SM60','CD/ MP3 плейер Samsung CD Yepp MCD-SM60, син., серебряного цвета, стерео, проводной пульт','0.1','12882.06','43730.jpg','0','43730_s.jpg','1','0','','1','','2163.35','','samsung-cd-yepp-mcd-sm60-106/','','0','Samsung CD Yepp MCD-SM60','Samsung CD Yepp MCD-SM60','Samsung CD Yepp MCD-SM60','','Samsung CD Yepp MCD-SM60','1','1','0'),
 ('107','0','Duo MP3','Очередной представитель некоего гибридного направления MP3 плееров, способных, в то же время, вдохнуть новую жизнь в старые добрые проигрыватели для магнитных кассет - DUO-Aria от Digisette. Способен работать как сам по себе, так и обычной кассетой для обычного магнитофона. USB интерфейс, поддержка MP3 и WMA, встроенные 32 Мбайт памяти и слот для MultiMediaCard (еще +64 Мбайт). Не оснащен LCD экраном, но он доступен в качестве подключаемой опции.  ','2.475','12908.82','37598.jpg','0','37598_s.jpg','4','0','','1','Очередной представитель некоего гибридного направления MP3 плееров, способных, в то же время, вдохнуть новую жизнь в старые добрые проигрыватели для магнитных кассет.','2168.30','','duo-mp3-107/','','0','Duo MP3','Duo MP3','Duo MP3','','Duo MP3','1','1','0'),
 ('108','0','Стив Круг :: Веб-дизайн: `не заставляйте меня думать`','Люди не станут пользоваться сайтом, если им не будет понятно, как по нему перемещаться. Судьбы компаний сегодня во многом зависят от их сайтов. Эти крупнобюджетные проекты возглавляют люди, зачастую не имеющие никакого или, по крайней мере, достаточного опыта в вопросах юзабилити, которые неожиданно приобрели важное, решающее значение. Данная книга написана для тех, кто занимается практической работой - дизайнеров, программистов, вебмастеров, менеджеров, специалистов по маркетингу, а также для тех, кто подписывает чеки. В ясной и простой форме автор описывает принципы успешного веб-дизайна. Руководствуясь ими, вы сможете задавать своим экспертам правильные вопросы, а также получать практические ответы, которые позволят находить решения для трудных технических, эстетических и структурных проблем разработки сайтов. ','3','12042.78','10805.jpg','2515','10805s.jpg','1','0','','1','Издание продолжает известную серию \"Библиотека веб-дизайнера\", в которой уже вышли супербестселлеры гуру веб-дизайна: ... ','2007.92','','stiv-krug-::-veb-dizain:-`ne-zastavlyaite-menya-dumat`-108/','','0','Стив Круг :: Веб-дизайн: `не заставляйте меня думать`','Стив Круг :: Веб-дизайн: `не заставляйте меня думать`','Стив Круг :: Веб-дизайн: `не заставляйте меня думать`','','Стив Круг :: Веб-дизайн: `не заставляйте меня думать`','1','1','0'),
 ('109','0','Туманы Авалона','Эта полная мужества, любви и печали повесть рассказывает о тех годах, когда мир бога христиан еще не вытеснил с полотна времен мир фэйри, и магия была делом обыденным. Когда король Артур, возведенный на трон Владычицей Авалона, нарушил клятву и тем самым раз и навсегда изменил судьбу Британии, когда Фату Моргану еще называли просто Моргейной, герцогиней Корнуолла, и не считали злой колдуньей и когда тайное течение рек жизни еще подчинялось воле посвященных. Теперь все думают, что это легенды, сложенные сладкоречивыми бардами в надежде на кров и благоволение королей. Но это все было. И вот как было оно.  Роман \"Туманы Авалона\" американские и европейские любители фантастики ставят в один ряд с `Властелином Колец` Дж.Р.Р.Толкиена. Теперь и у российских читателей есть возможность убедиться, справедливо ли это.  ','4.7','12028.86','81446.jpg','0','81446s.jpg','8','0','','1','Эта полная мужества, любви и печали повесть рассказывает о тех годах, когда мир бога христиан еще не вытеснил с полотна времен ... ','2005.35','','tumany-avalona-109/','','0','Туманы Авалона','Туманы Авалона','Туманы Авалона','','Туманы Авалона','1','1','0'),
 ('111','0','Гарри Поттер и Тайная комната (вторая книга)','В Школе чародейства и волшебства \"Хогвартс\" происходят тревожные события. Кто-то нападает на учеников школы, и преподаватели подозревают, что это таинственное чудовище, которое скрывается в легендарной Тайной комнате, Гарри Поттер и его друзья разгадывают загадку Тайной комнаты, и теперь Гарри снова предстоит сразиться с лордом Волан-де-Мортом. Сумеет ли он победить на этот раз?','3.58333','12026.70','15795.jpg','111111','15795s.jpg','6','0','','1','В Школе чародейства и волшебства \"Хогвартс\" происходят тревожные события. Кто-то нападает на учеников школы, и преподаватели...','2004.95','','garri-potter-i-tainaya-komnata-(vtoraya-kniga)-111/','','0','Гарри Поттер и Тайная комната (вторая книга)','Гарри Поттер и Тайная комната (вторая книга)','Гарри Поттер и Тайная комната (вторая книга)','','Гарри Поттер и Тайная комната (вторая книга)','1','1','0'),
 ('113','0','Visual C++ и MFC','<p>Книга посвящена объектно-ориентированному программированию для 32-разрядных систем Windows 95/98 и Windows NT с использованием компилятора Visual C++ 6 и библиотеки классов MFC версии 4.23. Книга содержит исчерпывающую информацию о библиотеке классов MFC (Microsoft Foundation Classes) и методах создания приложений Windows на основе классов этой библиотеки, а также большое количество наглядных и подробно прокомментированных примеров приложений, полные тексты которых приведены на сопроводительной дискете. Для программистов, владеющих языками С и С++ и имеющих опыт программирования в системе Windows</p>','0','12090.90','4064.jpg','1245','4064s.jpg','0','0','','1','<p>Книга посвящена объектно-ориентированному программированию для 32-разрядных систем Windows 95/98 и Windows NT с использованием</p>','2016.83','','visual-c-i-mfc-113/','','0','Visual C++ и MFC','Visual C++ и MFC','Visual C++ и MFC','','Visual C++ и MFC','1','1','0'),
 ('114','0','Профессиональное PHP программирование','Эта книга о программировании на PHP - языке сценариев, выполняющихся на стороне сервера для создания динамических веб-страниц. Его можно использовать совместно со многими технологиями, и в этой книге вы найдете подробности об интеграции PHP с базами данных, LDAP, XML и почтовым сервером IMAP. В книге вы найдете полное описание PHP: от инсталляции на сервере и конфигурирования интерпретатора языка PHP до примера проектирования сложного динамического приложения. Кроме того, рассматривается работа с базами данных и каталогами, с динамической графикой и XML. Хотя большая часть книги посвящена PHP3, информацию о новых возможностях, предоставляемых PHP4, вы тоже найдете. Книга написана профессиональными программистами для разработчиков, которые хотят достичь подлинного мастерства в осуществлении своих веб-проектов. Специалистам в области CGI-программирования быстро развивающаяся и набирающая популярность технология PHP предоставит скорость и удобство разработки. Предполагается, что у читателя есть некоторые базовые познания web-технологий. Он должен быть в состоянии работать с HTML, иметь опыт создания программ на каком-либо из многочисленных языков сценариев или программирования и некоторое представление о том, как работает система распределенной информации в Сети. Предполагается также наличие знакомства хотя бы с принципами работы баз данных. Книга является признанным учебником по данному предмету, хорошо известна среди специалистов и имеет весьма положительные отзывы. ','0','12080.16','8472.jpg','1235312','8472s.jpg','0','0','','1','Эта книга о программировании на PHP - языке сценариев, выполняющихся на стороне сервера для создания динамических веб-страниц.','2014.85','','professionalnoe-php-programmirovanie-114/','','0','Профессиональное PHP программирование','Профессиональное PHP программирование','Профессиональное PHP программирование','','Профессиональное PHP программирование','1','1','0'),
 ('115','0','SSSR','<p>Бегемотичный ноутбук</p>','5','137957.40','motomoto.jpg','1','motomoto.jpg','1','0','motomoto.jpg','1','<p><span style=\"font-size: medium\"><span style=\"font-family: Comic Sans MS\"><strong>Бегемотичный ноутбук</strong></span></span></p>','25325.40','','sssr-115/','24','0','SSSR','SSSR','SSSR','','SSSR','1','1','0'),
 ('121','0','Mercedes SLR','<p>Тип кузова:  Купе / Кабриолет<br />\r\n<br />\r\nДлина:  4535 мм<br />\r\n<br />\r\nШирина:  1827 мм<br />\r\n<br />\r\nВысота:  1298 мм<br />\r\n<br />\r\nМодельный год: 2005<br />\r\n<br />\r\nКоличество дверей:  2<br />\r\n<br />\r\nКоличество мест: 2<br />\r\n<br />\r\nОбъем багажника: 272 литров<br />\r\n&nbsp;</p>','4.07','1380576.00','mercedes-slr-121.jpg','16','mercedes-slr-121-S.jpg','10','57','mercedes-slr-121-B.jpg','1','<p>Модельный год:  2005<br />\r\n<br />\r\nКоличество дверей:  2</p>','255440.00','','mercedes-slr-121/','','1','Mercedes SLR','Mercedes SLR','Mercedes SLR','','Mercedes SLR','1','1','0'),
 ('123','0','новый ноутбук','','0','24536.40','','1','','1','0','','1','','4321.55','','novyi-noutbuk-123/','','0','новый ноутбук','новый ноутбук','новый ноутбук','','новый ноутбук','1','1','0'),
 ('125','0','Samsung K7890','','0','119989.20','','1','','0','0','','1','','21998.00','','samsung-k7890-125/','','3','Samsung K7890','Samsung K7890','Samsung K7890','','Samsung K7890','1','1','0'),
 ('126','0','Набор инструмента 54 пр. KingRoy','<p>Набор инструмента 46 предмета King Roy 046MDA (6 граней )<br />\r\nProduct Sort:SOCKET Suit (1-150PCS) Detail<br />\r\n1 4, 46PCS SOCKET SET</p>\r\n\r\n<p>13PCS 1 4&quot;DR. SOCKET:4, 4.5, 5, 5.5, 6, 7, 8, 9, 10, 11, 12, 13, 14MM<br />\r\n2PCS 1 4&quot;DR. EXTENSION BAR 50MM &amp; 100MM<br />\r\n1PC 1 4&quot;DR. UNIVERSAL JOINT<br />\r\n1PC 1 4&quot;DR. RATCHET HANDLE W QUICK RELEASE 24TH<br />\r\n1PC 1 4&quot;DR. SLIDING T BAR<br />\r\n1PC 1 4&quot;DR. SPINNER HANDLE<br />\r\n1PC 1 4&quot;DR. FLEXIBLE EXTENSION BAR<br />\r\n21PCS 1 4&quot;DR. BIT SOCKET:<br />\r\n(HEX) 3, 4, 5, 6, 7, 8MM<br />\r\n(SLOTTED) 4, 5.5, 7MM<br />\r\n(PHILLIPS) #1, #2, #3<br />\r\n(POZI) PZ1, PZ2, PZ3<br />\r\n(TORX) T10, T15, T20, T25, T30, T40<br />\r\n1PC BIT ADAPTER<br />\r\n4PCS HEX KEY WRENCH: 1.27, 1.5, 2, 2.5MM</p>\r\n\r\n<p>&nbsp;</p>\r\n','0','0.00','nabor_instrumenta_54_pr_KingRoy-126.jpg','1','nabor_instrumenta_54_pr_KingRoy-126-S.jpg','0','0','nabor_instrumenta_54_pr_KingRoy-126-B.jpg','1','<p>Набор инструмента 46 предмета King Roy 046MDA (6 граней )</p>\r\n','0.00','054MDA','nabor_instrumenta_54_pr_KingRoy-126/','','5','','','','','Набор инструмента 54 пр. KingRoy','1','0','-1'),
 ('127','0','Набор инструмента 54 пр. KingRoy','<p>Набор инструмента 46 предмета King Roy 046MDA (6 граней )<br />\r\nProduct Sort:SOCKET Suit (1-150PCS) Detail<br />\r\n1 4, 46PCS SOCKET SET</p>\r\n\r\n<p>13PCS 1 4&quot;DR. SOCKET:4, 4.5, 5, 5.5, 6, 7, 8, 9, 10, 11, 12, 13, 14MM<br />\r\n2PCS 1 4&quot;DR. EXTENSION BAR 50MM &amp; 100MM<br />\r\n1PC 1 4&quot;DR. UNIVERSAL JOINT<br />\r\n1PC 1 4&quot;DR. RATCHET HANDLE W QUICK RELEASE 24TH<br />\r\n1PC 1 4&quot;DR. SLIDING T BAR<br />\r\n1PC 1 4&quot;DR. SPINNER HANDLE<br />\r\n1PC 1 4&quot;DR. FLEXIBLE EXTENSION BAR<br />\r\n21PCS 1 4&quot;DR. BIT SOCKET:<br />\r\n(HEX) 3, 4, 5, 6, 7, 8MM<br />\r\n(SLOTTED) 4, 5.5, 7MM<br />\r\n(PHILLIPS) #1, #2, #3<br />\r\n(POZI) PZ1, PZ2, PZ3<br />\r\n(TORX) T10, T15, T20, T25, T30, T40<br />\r\n1PC BIT ADAPTER<br />\r\n4PCS HEX KEY WRENCH: 1.27, 1.5, 2, 2.5MM</p>\r\n\r\n<p>&nbsp;</p>\r\n','0','0.00','nabor_instrumenta_54_pr_KingRoy-127.jpg','1','nabor_instrumenta_54_pr_KingRoy-127-S.jpg','0','0','nabor_instrumenta_54_pr_KingRoy-127-B.jpg','1','<p>Набор инструмента 46 предмета King Roy 046MDA (6 граней )</p>\r\n\r\n<p>&nbsp;</p>\r\n','0.00','054MDA','nabor_instrumenta_54_pr_KingRoy-127/','','5','','','','','Набор инструмента 54 пр. KingRoy','1','1','-1'),
 ('132','12','Холодильник 2132','','0','34.00','rfgrewrfg3r-132.jpg','1','rfgrewrfg3r-132-S.jpg','0','0','rfgrewrfg3r-132-B.jpg','1','','0.00','','rfgrewrfg3r-132/','','0','','','','','rfgrewrfg3r','1','0','-1'),
 ('134','11','dgsdfgfd','<p>sdfgsdfgdsg</p>\n','0','200.00','','1','','0','0','','1','<p>gfdgsdgfg</p>\n','0.00','','dgsdfgfd-134/','','0','sdfgsfdg','sdgsfg','dssdfg','','dgsfdg','1','0','-1'),
 ('137','19','Everest Home&Office 1006','<h2 class=\"detail-tabs-i-title\" style=\"margin: 0px 0px 14px; padding: 0px; font-family: Rozetka, Arial, Helvetica, FreeSans, &quot;Liberation Sans&quot;, &quot;Nimbus Sans L&quot;, sans-serif; line-height: 1.29167em; color: rgb(34, 31, 31); font-size: 24px;\">Описание&nbsp;<span class=\"detail-tabs-i-title-inner\" style=\"color: rgb(178, 178, 178);\">Everest Home&amp;Office 1006 (1006_4109)</span></h2>\r\n\r\n<div class=\"b-rich-text text-description-content box-hide\" id=\"short_text\" style=\"font-family: Arial, Helvetica, FreeSans, &quot;Liberation Sans&quot;, &quot;Nimbus Sans L&quot;, sans-serif; font-size: 1.07692em; line-height: 1.42857em; padding-top: 0px; overflow: hidden; max-height: 12em; position: relative; color: rgb(77, 75, 75);\">\r\n<p style=\"margin: 0px 0px 20px; padding: 0px; line-height: 1.42857em; font-size: 1em;\">Компьютер&nbsp;<b>Everest Home&amp;Office 1006</b>&nbsp;на базе процессора AMD Richland A4-6300 (3.7 - 3.9 ГГц) - идеальный вариант для домашнего и офисного использования.</p>\r\n\r\n<p style=\"margin: 0px 0px 20px; padding: 0px; line-height: 1.42857em; font-size: 1em;\">Купить компьютер Everest Home&amp;Office 1006 &mdash; значит приобрести недорогое, и при этом надежное решение для самых разнообразных повседневных задач. Компьютеры этой серии помогут овладеть навыками работы с компьютерной техникой, различными офисными и мультимедийными приложениями.<br />\r\n<span id=\"copyinfo\" style=\"position: absolute; overflow: hidden; width: 1px; height: 1px;\">Подробнее:&nbsp;<a href=\"https://hard.rozetka.com.ua/everest_home_office_1006_4109/p57201639/\" style=\"text-decoration-line: none; outline: 0px; color: rgb(157, 95, 175);\">https://hard.rozetka.com.ua/everest_home_office_1006_4109/p57201639/</a></span></p>\r\n</div>\r\n','5','6300.00','Everest_HomeOffice_1006-137.jpg','15','Everest_HomeOffice_1006-137-S.jpg','1','0','Everest_HomeOffice_1006-137-B.jpg','1','<p><span style=\"color: rgb(77, 75, 75); font-family: Arial, Helvetica, FreeSans, &quot;Liberation Sans&quot;, &quot;Nimbus Sans L&quot;, sans-serif; font-size: 14px;\">Компьютер&nbsp;</span><b style=\"color: rgb(77, 75, 75); font-family: Arial, Helvetica, FreeSans, &quot;Liberation Sans&quot;, &quot;Nimbus Sans L&quot;, sans-serif; font-size: 14px;\">Everest Home&amp;Office 1006</b><span style=\"color: rgb(77, 75, 75); font-family: Arial, Helvetica, FreeSans, &quot;Liberation Sans&quot;, &quot;Nimbus Sans L&quot;, sans-serif; font-size: 14px;\">&nbsp;на базе процессора AMD Richland A4-6300 (3.7 - 3.9 ГГц) - идеальный вариант для домашнего и офисного использования.</span></p>\r\n','6900.00','196','Everest_HomeOffice_1006-137/','','8','Everest Home&Office 1006','Everest Home&Office 1006','Everest Home&Office 1006','','Everest Home&Office 1006','1','1','-1'),
 ('138','19','Everest Home&Office 1005','<h2 class=\"detail-tabs-i-title\" style=\"margin: 0px 0px 14px; padding: 0px; font-family: Rozetka, Arial, Helvetica, FreeSans, &quot;Liberation Sans&quot;, &quot;Nimbus Sans L&quot;, sans-serif; line-height: 1.29167em; color: rgb(34, 31, 31); font-size: 24px;\">Описание&nbsp;<span class=\"detail-tabs-i-title-inner\" style=\"color: rgb(178, 178, 178);\">Everest Home&amp;Office 1005 (1005_2525)</span></h2>\r\n\r\n<div class=\"b-rich-text text-description-content box-hide\" id=\"short_text\" style=\"font-family: Arial, Helvetica, FreeSans, &quot;Liberation Sans&quot;, &quot;Nimbus Sans L&quot;, sans-serif; font-size: 1.07692em; line-height: 1.42857em; padding-top: 0px; overflow: hidden; max-height: 12em; position: relative; color: rgb(77, 75, 75);\">\r\n<p style=\"margin: 0px 0px 20px; padding: 0px; line-height: 1.42857em; font-size: 1em;\">Компьютер&nbsp;<b>Everest Home&amp;Office 1005</b>&nbsp;на базе процессора&nbsp;<b><i>Intel Celeron J4005 (2.0 &mdash; 2.7 ГГц)</i></b>&nbsp;является прекрасным инструментом для работы и решения офисных задач, а также серфинга в интернете.</p>\r\n\r\n<p style=\"margin: 0px 0px 20px; padding: 0px; line-height: 1.42857em; font-size: 1em;\">Купить компьютер&nbsp;<b>Everest Home&amp;Office 1005</b>&nbsp;&mdash; значит приобрести недорогое, и при этом надежное решение для самых разнообразных повседневных задач. Компьютеры этой серии помогут овладеть навыками работы с компьютерной техникой, различными офисными и мультимедийными приложениями.</p>\r\n</div>\r\n','5','7400.00','Everest_HomeOffice_1005-138.jpg','20','Everest_HomeOffice_1005-138-S.jpg','0','-1','Everest_HomeOffice_1005-138-B.jpg','1','<h2 class=\"detail-tabs-i-title\" style=\"margin: 0px 0px 14px; padding: 0px; font-family: Rozetka, Arial, Helvetica, FreeSans, &quot;Liberation Sans&quot;, &quot;Nimbus Sans L&quot;, sans-serif; line-height: 1.29167em; color: rgb(34, 31, 31); font-size: 24px;\">&nbsp;</h2>\r\n\r\n<div class=\"b-rich-text text-description-content box-hide\" id=\"short_text\" style=\"font-family: Arial, Helvetica, FreeSans, &quot;Liberation Sans&quot;, &quot;Nimbus Sans L&quot;, sans-serif; font-size: 1.07692em; line-height: 1.42857em; padding-top: 0px; overflow: hidden; max-height: 12em; position: relative; color: rgb(77, 75, 75);\">\r\n<p style=\"margin: 0px 0px 20px; padding: 0px; line-height: 1.42857em; font-size: 1em;\">Компьютер&nbsp;<b>Everest Home&amp;Office 1005</b>&nbsp;на базе процессора&nbsp;<b><i>Intel Celeron J4005 (2.0 &mdash; 2.7 ГГц)</i></b>&nbsp;является прекрасным инструментом для работы и решения офисных задач, а также серфинга в интернете.</p>\r\n</div>\r\n','0.00','100500','Everest_HomeOffice_1005-138/','','8','Everest Home&Office 1005','Everest Home&Office 1005','Everest Home&Office 1005','','Everest Home&Office 1005','1','1','-1'),
 ('139','26','Asus TUF Gaming FX504GD-EN065 (90NR00J3-M14840) Black','<div>&nbsp;</div>\r\n\r\n<div>Описание Ноутбук Asus TUF Gaming FX504GD-EN065 (90NR00J3-M14840) Black</div>\r\n\r\n<div>Качество и стиль</div>\r\n\r\n<div>Asus FX504 может работать безупречно и выглядеть красиво. Убедитесь в этом сами, познакомившись с ноутбуком Asus FX504. Современная начинка обеспечивает FX504 незаурядную производительность, а благодаря стильному и легкому корпусу этот ноутбук легко взять с собой в дорогу.</div>\r\n\r\n<div>&nbsp;</div>\r\n\r\n<div>Высокоскоростной интерфейс USB 3.1</div>\r\n\r\n<div>Интерфейс USB 3.1 работает в десять раз быстрее, чем USB 2.0, поэтому он отлично подходит для передачи больших файлов, например видео высокой четкости.</div>\r\n\r\n<div>&nbsp;</div>\r\n\r\n<div>Виртуальный объемный звук в формате 7.1</div>\r\n\r\n<div>Технология DTS Headphone:X формирует виртуальный пространственный звук формата 7.1 при использовании наушников, встроенных и внешних динамиков. Такое решение, предлагающее несколько оптимизированных для различных задач профилей, идеально подходит и для игр, и для просмотра фильмов и для общения с друзьями. При активации игрового профиля звуковой сигнал обрабатывается максимально точно, чтобы во время игры пользователь смог вовремя услышать, с какой стороны от него доносится звук, и получить тактическое преимущество над противниками. Встроенный эквалайзер позволяет также вручную регулировать настройки аудиосистемы.</div>\r\n\r\n<div>&nbsp;</div>\r\n\r\n<div>Комфорт в игре и при наборе текста</div>\r\n\r\n<div>Ноутбук FX504 оснащен клавиатурой, которая соответствует высочайшим стандартам качества и надежности TUF и в удобстве не уступает отдельным настольным клавиатурам даже во время длительных игровых сессий и при наборе больших объемов текста. Ресурс этой прочной клавиатуры составляет более 20 миллионов нажатий, вдвое больше, чем у клавиатур, устанавливаемых в обычных ноутбуках. Клавиши с переключателями ножничного типа обладают изгибом поверхности 0.25 мм и глубиной хода 1.8 мм, что обеспечивает мягкость и точность нажатий. Клавиатура оборудована подсветкой, поэтому работать и играть на ноутбуке комфортно даже в темноте. Благодаря технологии Overstroke клавиши срабатывают, даже когда они еще не нажаты до конца &ndash; так система быстрее реагирует на действия игрока. Повышению скорости и точности управления в играх также способствуют выделенная группа клавиш WASD, широкий пробел и изолированное расположений группы клавиш со стрелками.</div>\r\n\r\n<div>&nbsp;</div>\r\n\r\n<div>Увеличенная скорость. Расширенная зона покрытия</div>\r\n\r\n<div>В ноутбуке FX504 установлен новейший модуль Wi-Fi стандарта 802.11ac второго поколения (Wave 2), обеспечивающий скорость передачи данных до 1.7 Гбит/с, что в 12 раз выше предыдущего стандарта 802.11b/g/n. Кроме того, антенная конфигурация 2x2 обеспечивает на 30% большую зону покрытия, чем типичная конфигурация 1x1.</div>\r\n\r\n<div>&nbsp;</div>\r\n\r\n<div>Слышимость отличная!</div>\r\n\r\n<div>Встроенный массив микрофонов&nbsp; посторонние звуки, чтобы голос звучал отчетливо и чисто, даже когда вокруг очень шумно. Разговариваете ли вы по Skype с друзьями или играете в онлайн-игры без гарнитуры, микрофон FX504 гарантирует, что ваш голос будет услышан!</div>\r\n\r\n<div>Подробнее: https://rozetka.com.ua/asus_tuf_gaming_fx504gd_en065_90nr00j3_m14840/p52260936/</div>\r\n\r\n<h2 class=\"detail-tabs-i-title\" style=\"margin: 0px 0px 14px; padding: 0px; font-family: Rozetka, Arial, Helvetica, FreeSans, &quot;Liberation Sans&quot;, &quot;Nimbus Sans L&quot;, sans-serif; line-height: 1.29167em; color: rgb(34, 31, 31); font-size: 24px;\">&nbsp;</h2>\r\n','5','36999.00','Asus_TUF_Gaming_FX504GD-EN065_90NR00J3-M14840_Black-139.jpg','105','Asus_TUF_Gaming_FX504GD-EN065_90NR00J3-M14840_Black-139-S.jpg','1','-3','Asus_TUF_Gaming_FX504GD-EN065_90NR00J3-M14840_Black-139-B.jpg','1','Качество и стиль\r\nAsus FX504 может работать безупречно и выглядеть красиво. Убедитесь в этом сами, познакомившись с ноутбуком Asus FX504. Современная начинка обеспечивает FX504 незаурядную производительность, а благодаря стильному и легкому корпусу этот ноутбук легко взять с собой в дорогу.\r\n','40000.00','884','Asus_TUF_Gaming_FX504GD-EN065_90NR00J3-M14840_Black-139/','','10','Asus TUF Gaming FX504GD-EN065 (90NR00J3-M14840) Black','Asus TUF Gaming FX504GD-EN065 (90NR00J3-M14840) Black','Asus TUF Gaming FX504GD-EN065 (90NR00J3-M14840) Black','','Asus TUF Gaming FX504GD-EN065 (90NR00J3-M14840) Black','1','1','-1'),
 ('140','26','Asus TUF Gaming FX504GD-DM058 (90NR00J1-M00850) Black','<h2 class=\"detail-tabs-i-title\" style=\"margin: 0px 0px 14px; padding: 0px; font-family: Rozetka, Arial, Helvetica, FreeSans, &quot;Liberation Sans&quot;, &quot;Nimbus Sans L&quot;, sans-serif; line-height: 1.29167em; color: rgb(34, 31, 31); font-size: 24px;\">Описание&nbsp;<span class=\"detail-tabs-i-title-inner\" style=\"color: rgb(178, 178, 178);\">Ноутбук Asus TUF Gaming FX504GD-DM058 (90NR00J1-M00850) Black</span></h2>\r\n\r\n<div class=\"b-rich-text text-description-content\" id=\"short_text\" style=\"font-family: Arial, Helvetica, FreeSans, &quot;Liberation Sans&quot;, &quot;Nimbus Sans L&quot;, sans-serif; font-size: 1.07692em; line-height: 1.42857em; padding-top: 0px; color: rgb(77, 75, 75);\">\r\n<p style=\"margin: 0px 0px 20px; padding: 0px; line-height: 1.42857em; font-size: 1em;\"><b>Качество и стиль</b><br />\r\nAsus FX504 может работать безупречно и выглядеть красиво. Убедитесь в этом сами, познакомившись с ноутбуком Asus FX504. Современная начинка обеспечивает FX504 незаурядную производительность, а благодаря стильному и легкому корпусу этот ноутбук легко взять с собой в дорогу.</p>\r\n\r\n<p style=\"margin: 0px 0px 20px; padding: 0px; line-height: 1.42857em; font-size: 1em;\"><b>Высокоскоростной интерфейс USB 3.1</b><br />\r\nИнтерфейс USB 3.1 работает в десять раз быстрее, чем USB 2.0, поэтому он отлично подходит для передачи больших файлов, например видео высокой четкости.</p>\r\n\r\n<p style=\"margin: 0px 0px 20px; padding: 0px; line-height: 1.42857em; font-size: 1em;\"><b>Виртуальный объемный звук в формате 7.1</b><br />\r\nТехнология DTS Headphone:X формирует виртуальный пространственный звук формата 7.1 при использовании наушников, встроенных и внешних динамиков. Такое решение, предлагающее несколько оптимизированных для различных задач профилей, идеально подходит и для игр, и для просмотра фильмов и для общения с друзьями. При активации игрового профиля звуковой сигнал обрабатывается максимально точно, чтобы во время игры пользователь смог вовремя услышать, с какой стороны от него доносится звук, и получить тактическое преимущество над противниками. Встроенный эквалайзер позволяет также вручную регулировать настройки аудиосистемы.</p>\r\n\r\n<p style=\"margin: 0px 0px 20px; padding: 0px; line-height: 1.42857em; font-size: 1em;\"><b>Комфорт в игре и при наборе текста</b><br />\r\nНоутбук FX504 оснащен клавиатурой, которая соответствует высочайшим стандартам качества и надежности TUF и в удобстве не уступает отдельным настольным клавиатурам даже во время длительных игровых сессий и при наборе больших объемов текста. Ресурс этой прочной клавиатуры составляет более 20 миллионов нажатий, вдвое больше, чем у клавиатур, устанавливаемых в обычных ноутбуках. Клавиши с переключателями ножничного типа обладают изгибом поверхности 0.25 мм и глубиной хода 1.8 мм, что обеспечивает мягкость и точность нажатий. Клавиатура оборудована подсветкой, поэтому работать и играть на ноутбуке комфортно даже в темноте. Благодаря технологии Overstroke клавиши срабатывают, даже когда они еще не нажаты до конца &ndash; так система быстрее реагирует на действия игрока. Повышению скорости и точности управления в играх также способствуют выделенная группа клавиш WASD, широкий пробел и изолированное расположений группы клавиш со стрелками.<br />\r\n<span id=\"copyinfo\" style=\"position: absolute; overflow: hidden; width: 1px; height: 1px;\">Подробнее:&nbsp;<a href=\"https://rozetka.com.ua/asus_tuf_gaming_fx504gd_dm058_90nr00j1_m00850/p52260852/\" style=\"text-decoration-line: none; outline: 0px; color: rgb(157, 95, 175);\">https://rozetka.com.ua/asus_tuf_gaming_fx504gd_dm058_90nr00j1_m00850/p52260852/</a></span></p>\r\n</div>\r\n','5','28999.00','Asus_TUF_Gaming_FX504GD-DM058_90NR00J1-M00850_Black-140.jpg','101','Asus_TUF_Gaming_FX504GD-DM058_90NR00J1-M00850_Black-140-S.jpg','0','0','Asus_TUF_Gaming_FX504GD-DM058_90NR00J1-M00850_Black-140-B.jpg','1','<p>Качество и стиль<br />\r\nAsus FX504 может работать безупречно и выглядеть красиво. Убедитесь в этом сами, познакомившись с ноутбуком Asus FX504. Современная начинка обеспечивает FX504 незаурядную производительность, а благодаря стильному и легкому корпусу этот ноутбук легко взять с собой в дорогу.</p>\r\n','35000.00','569','Asus_TUF_Gaming_FX504GD-DM058_90NR00J1-M00850_Black-140/','','10','Asus TUF Gaming FX504GD-DM058 (90NR00J1-M00850) Black','Asus TUF Gaming FX504GD-DM058 (90NR00J1-M00850) Black','Asus TUF Gaming FX504GD-DM058 (90NR00J1-M00850) Black','','Asus TUF Gaming FX504GD-DM058 (90NR00J1-M00850) Black','1','1','-1'),
 ('145','21','Холодильник SAMSUNG RB29FSRNDSA','<ul class=\"short-chars-l flex\" style=\"margin: 0px 13px 21px 0px; padding-right: 0px; padding-left: 0px; line-height: 1em; list-style: none; overflow: hidden; color: rgb(77, 75, 75); font-family: Arial, Helvetica, FreeSans, &quot;Liberation Sans&quot;, &quot;Nimbus Sans L&quot;, sans-serif; font-size: 13.0013px;\">\r\n  <li class=\"short-chars-l-i\" style=\"margin: 0px 0px 4px; padding: 0px;\"><span style=\"font-size:18px;\"><span class=\"chars-title\" style=\"word-break: break-word; margin-right: 1px; color: rgb(121, 120, 120); line-height: 1.3125rem;\">Тип холодильника:&nbsp;</span><span class=\"chars-value inline\" style=\"display: inline-block; word-break: break-word; line-height: 1.3125rem;\"><span class=\"chars-value-inner\"><a href=\"https://legosp.net/\">Двухкамерный</a></span></span></span></li>\r\n <li class=\"short-chars-l-i\" style=\"margin: 0px 0px 4px; padding: 0px;\"><span style=\"font-size:18px;\"><span class=\"chars-title\" style=\"word-break: break-word; margin-right: 1px; color: rgb(121, 120, 120); line-height: 1.3125rem;\">Полезный объем холодильной камеры:&nbsp;</span><span class=\"chars-value\" style=\"word-break: break-word; line-height: 1.3125rem;\"><span class=\"chars-value-inner\">192 л</span></span></span></li>\r\n <li class=\"short-chars-l-i\" style=\"margin: 0px 0px 4px; padding: 0px;\"><span style=\"font-size:18px;\"><span class=\"chars-title\" style=\"word-break: break-word; margin-right: 1px; color: rgb(121, 120, 120); line-height: 1.3125rem;\">Полезный объем морозильной камеры:&nbsp;</span><span class=\"chars-value\" style=\"word-break: break-word; line-height: 1.3125rem;\"><span class=\"chars-value-inner\">98 л</span></span></span></li>\r\n  <li class=\"short-chars-l-i\" style=\"margin: 0px 0px 4px; padding: 0px;\"><span style=\"font-size:18px;\"><span class=\"chars-title\" style=\"word-break: break-word; margin-right: 1px; color: rgb(121, 120, 120); line-height: 1.3125rem;\">Количество компрессоров:&nbsp;</span><span class=\"chars-value inline\" style=\"display: inline-block; word-break: break-word; line-height: 1.3125rem;\"><span class=\"chars-value-inner\"><a href=\"https://legosp.net/\">1</a></span></span></span></li>\r\n <li class=\"short-chars-l-i\" style=\"margin: 0px 0px 4px; padding: 0px;\"><span style=\"font-size:18px;\"><span class=\"chars-title\" style=\"word-break: break-word; margin-right: 1px; color: rgb(121, 120, 120); line-height: 1.3125rem;\">Тип управления:&nbsp;</span><span class=\"chars-value inline\" style=\"display: inline-block; word-break: break-word; line-height: 1.3125rem;\"><span class=\"chars-value-inner\">Электронное</span></span></span></li>\r\n  <li class=\"short-chars-l-i\" style=\"margin: 0px 0px 4px; padding: 0px;\"><span style=\"font-size:18px;\"><span class=\"chars-title\" style=\"word-break: break-word; margin-right: 1px; color: rgb(121, 120, 120); line-height: 1.3125rem;\">Габариты (ВхШхГ):&nbsp;</span><span class=\"chars-value\" style=\"word-break: break-word; line-height: 1.3125rem;\"><span class=\"chars-value-inner\">178х59,5х66,8 см</span></span></span></li>\r\n <li class=\"short-chars-l-i\" style=\"margin: 0px; padding: 0px;\"><span style=\"font-size:18px;\"><span class=\"chars-title\" style=\"word-break: break-word; margin-right: 1px; color: rgb(121, 120, 120); line-height: 1.3125rem;\">Вес:&nbsp;</span></span><span class=\"chars-value\" style=\"word-break: break-word; font-size: 0.875rem; line-height: 1.3125rem;\"><span class=\"chars-value-inner\"><span style=\"font-size:18px;\">63 кг</span><br />\r\n  <span id=\"copyinfo\" style=\"position: absolute; overflow: hidden; width: 1px; height: 1px;\">Подробнее:&nbsp;<a href=\"https://bt.rozetka.com.ua/samsung-rb29fsrndsa/p263334/\" style=\"text-decoration-line: none; outline: 0px; color: rgb(62, 119, 170);\">https://bt.rozetka.com.ua/samsung-rb29fsrndsa/p263334/</a></span></span></span></li>\r\n</ul>\r\n','3','30000.00','holodilnik_SAMSUNG_RB29FSRNDSA-145.jpg','100','holodilnik_SAMSUNG_RB29FSRNDSA-145-S.jpg','0','0','holodilnik_SAMSUNG_RB29FSRNDSA-145-B.jpg','1','<ul class=\"short-chars-l flex\" style=\"padding-right: 0px; padding-left: 0px; margin: 0px 13px 21px 0px; line-height: 1em; list-style: none; overflow: hidden; color: rgb(77, 75, 75); font-family: Arial, Helvetica, FreeSans, &quot;Liberation Sans&quot;, &quot;Nimbus Sans L&quot;, sans-serif; font-size: 13.0013px;\">\r\n  <li class=\"short-chars-l-i\" style=\"margin: 0px 0px 4px; padding: 0px;\"><span class=\"chars-title\" style=\"word-break: break-word; margin-right: 1px; color: rgb(121, 120, 120); font-size: 0.875rem; line-height: 1.3125rem;\">Тип холодильника:&nbsp;</span><span class=\"chars-value inline\" style=\"display: inline-block; word-break: break-word; font-size: 0.875rem; line-height: 1.3125rem;\"><span class=\"chars-value-inner\"><a class=\"novisited\" href=\"https://bt.rozetka.com.ua/refrigerators/c80125/filter/36629=49504/\" style=\"color: rgb(62, 119, 170); text-decoration-line: none; outline: 0px;\">Двухкамерный</a></span></span></li>\r\n</ul>\r\n','45000.00','263334','holodilnik_SAMSUNG_RB29FSRNDSA-145/','','6','','','','','Холодильник SAMSUNG RB29FSRNDSA','1','1','-1'),
 ('150','31','Стиральная машина полногабаритная HOOVER DXOA 69AHC7B-S','<ul class=\"short-chars-l flex\" style=\"margin: 0px 13px 21px 0px; padding-right: 0px; padding-left: 0px; line-height: 1em; list-style: none; overflow: hidden; color: rgb(77, 75, 75); font-family: Arial, Helvetica, FreeSans, &quot;Liberation Sans&quot;, &quot;Nimbus Sans L&quot;, sans-serif; font-size: 13.0013px;\">\r\n  <li class=\"short-chars-l-i\" style=\"margin: 0px 0px 4px; padding: 0px;\"><span style=\"font-size:16px;\"><span class=\"chars-title\" style=\"word-break: break-word; margin-right: 1px; color: rgb(121, 120, 120); line-height: 1.3125rem;\">Тип:&nbsp;</span><span class=\"chars-value inline\" style=\"display: inline-block; word-break: break-word; line-height: 1.3125rem;\"><span class=\"chars-value-inner\">Полногабаритная</span></span></span></li>\r\n <li class=\"short-chars-l-i\" style=\"margin: 0px 0px 4px; padding: 0px;\"><span style=\"font-size:16px;\"><span class=\"chars-title\" style=\"word-break: break-word; margin-right: 1px; color: rgb(121, 120, 120); line-height: 1.3125rem;\">Максимальная загрузка белья:&nbsp;</span><span class=\"chars-value inline\" style=\"display: inline-block; word-break: break-word; line-height: 1.3125rem;\"><span class=\"chars-value-inner\"><a href=\"https://legosp.net/\">9 кг</a></span></span></span></li>\r\n  <li class=\"short-chars-l-i\" style=\"margin: 0px 0px 4px; padding: 0px;\"><span style=\"font-size:16px;\"><span class=\"chars-title\" style=\"word-break: break-word; margin-right: 1px; color: rgb(121, 120, 120); line-height: 1.3125rem;\">Скорость отжима:&nbsp;</span><span class=\"chars-value\" style=\"word-break: break-word; line-height: 1.3125rem;\"><span class=\"chars-value-inner\">1600 об/мин</span></span></span></li>\r\n <li class=\"short-chars-l-i\" style=\"margin: 0px 0px 4px; padding: 0px;\"><span style=\"font-size:16px;\"><span class=\"chars-title\" style=\"word-break: break-word; margin-right: 1px; color: rgb(121, 120, 120); line-height: 1.3125rem;\">Класс энергопотребления:&nbsp;</span><span class=\"chars-value inline\" style=\"display: inline-block; word-break: break-word; line-height: 1.3125rem;\"><span class=\"chars-value-inner\"><a href=\"https://legosp.net/\">А+++</a></span></span></span></li>\r\n  <li class=\"short-chars-l-i\" style=\"margin: 0px 0px 4px; padding: 0px;\"><span style=\"font-size:16px;\"><span class=\"chars-title\" style=\"word-break: break-word; margin-right: 1px; color: rgb(121, 120, 120); line-height: 1.3125rem;\">Скорость отжима:&nbsp;</span><span class=\"chars-value inline\" style=\"display: inline-block; word-break: break-word; line-height: 1.3125rem;\"><span class=\"chars-value-inner\"><a href=\"https://legosp.net/\">1600 об/мин</a></span></span></span></li>\r\n <li class=\"short-chars-l-i\" style=\"margin: 0px 0px 4px; padding: 0px;\"><span style=\"font-size:16px;\"><span class=\"chars-title\" style=\"word-break: break-word; margin-right: 1px; color: rgb(121, 120, 120); line-height: 1.3125rem;\">Количество программ:&nbsp;</span><span class=\"chars-value\" style=\"word-break: break-word; line-height: 1.3125rem;\"><span class=\"chars-value-inner\">17</span></span></span></li>\r\n  <li class=\"short-chars-l-i\" style=\"margin: 0px 0px 4px; padding: 0px;\"><span style=\"font-size:16px;\"><span class=\"chars-title\" style=\"word-break: break-word; margin-right: 1px; color: rgb(121, 120, 120); line-height: 1.3125rem;\">Габариты (ВхШхГ):&nbsp;</span><span class=\"chars-value\" style=\"word-break: break-word; line-height: 1.3125rem;\"><span class=\"chars-value-inner\">85х60х52 см</span></span></span></li>\r\n  <li class=\"short-chars-l-i\" style=\"margin: 0px 0px 4px; padding: 0px;\"><span style=\"font-size:16px;\"><span class=\"chars-title\" style=\"word-break: break-word; margin-right: 1px; color: rgb(121, 120, 120); line-height: 1.3125rem;\">Способ установки:&nbsp;</span><span class=\"chars-value inline\" style=\"display: inline-block; word-break: break-word; line-height: 1.3125rem;\"><span class=\"chars-value-inner\"><a href=\"https://legosp.net/\">Отдельностоящая (соло)</a></span></span></span></li>\r\n <li class=\"short-chars-l-i\" style=\"margin: 0px 0px 4px; padding: 0px;\"><span style=\"font-size:16px;\"><span class=\"chars-value inline\" style=\"display: inline-block; word-break: break-word; line-height: 1.3125rem;\"><span class=\"chars-value-inner\"><a class=\"novisited\" href=\"https://bt.rozetka.com.ua/washing_machines/c80124/filter/89757=450537/\" style=\"text-decoration-line: none; outline: 0px; color: rgb(62, 119, 170);\"><span class=\"chars-title\" style=\"word-break: break-word; margin-right: 1px; color: rgb(121, 120, 120); line-height: 1.3125rem;\">Дисплей:&nbsp;</span></a><a href=\"https://legosp.net/\">Есть</a></span></span></span></li>\r\n <li class=\"short-chars-l-i\" style=\"margin: 0px; padding: 0px;\"><span style=\"font-size:16px;\"><span class=\"chars-value inline\" style=\"display: inline-block; word-break: break-word; line-height: 1.3125rem;\"><span class=\"chars-value-inner\"><a class=\"novisited\" href=\"https://bt.rozetka.com.ua/washing_machines/c80124/filter/33089=40754/\" style=\"text-decoration-line: none; outline: 0px; color: rgb(62, 119, 170);\"><span id=\"copyinfo\" style=\"position: absolute; overflow: hidden; width: 1px; height: 1px;\">Подробнее:&nbsp;</span></a></span></span></span></li>\r\n</ul>\r\n','5','40000.00','stiralnaya_mashina_polnogabaritnaya_HOOVER_DXOA_69AHC7B-S-150.jpg','100','stiralnaya_mashina_polnogabaritnaya_HOOVER_DXOA_69AHC7B-S-150-S.jpg','1','-3','stiralnaya_mashina_polnogabaritnaya_HOOVER_DXOA_69AHC7B-S-150-B.jpg','1','<ul class=\"short-chars-l flex\" style=\"padding-right: 0px; padding-left: 0px; margin: 0px 13px 21px 0px; line-height: 1em; list-style: none; overflow: hidden; color: rgb(77, 75, 75); font-family: Arial, Helvetica, FreeSans, &quot;Liberation Sans&quot;, &quot;Nimbus Sans L&quot;, sans-serif; font-size: 13.0013px;\">\r\n <li class=\"short-chars-l-i\" style=\"margin: 0px 0px 4px; padding: 0px;\"><span class=\"chars-title\" style=\"word-break: break-word; margin-right: 1px; color: rgb(121, 120, 120); font-size: 0.875rem; line-height: 1.3125rem;\">Тип:&nbsp;</span><span class=\"chars-value inline\" style=\"display: inline-block; word-break: break-word; font-size: 0.875rem; line-height: 1.3125rem;\"><span class=\"chars-value-inner\">Полногабаритная</span></span></li>\r\n</ul>\r\n','70000.00','3655894','stiralnaya_mashina_polnogabaritnaya_HOOVER_DXOA_69AHC7B-S-150/','','12','','','','','Стиральная машина полногабаритная HOOVER DXOA 69AHC7B-S','1','1','-1'),
 ('151','23','Набор инструментов Alloid 3/8\" 78 предметов (НИ-3078П)','<p><br />\r\nМатериал: хром-ванадиевая сталь<br />\r\nВес: 6 кг<br />\r\nКомплектация:<br />\r\nКвадрат 1/4&quot;<br />\r\nРукоятка отверточная с магнитным держателем для бит<br />\r\nБиты прямой шлиц (SL): 3, 4, 5, 5.5, 6 мм&nbsp;<br />\r\nБиты Phillips (PH): PH0, PH1, PH2 х 2 шт, PH3&nbsp;<br />\r\nНасадки Pozidriv: PZ0, PZ1, PZ2 &ndash; 2 шт, PZ3&nbsp;<br />\r\nНасадки Torx: T10, T15, T20, Т25, T30&nbsp;<br />\r\nБиты с квадратным шлицем (Robertson): 0, 1, 2 х 2 шт, 3&nbsp;<br />\r\nБиты под шестигранный шлиц (HEX): 2, 3, 4, 5, 6 мм</p>\r\n\r\n<p>Квадрат 3/8&quot;<br />\r\nТорцевые головки 6-гранные: 8, 9, 10, 11, 12, 13, 14, 15, 16, 17, 18, 19, 21, 22 мм<br />\r\nУдлинитель: 75 мм<br />\r\nТрещотка с быстрым сбросом 72Т</p>\r\n\r\n<p>Отвертка прямой шлиц 6 х 100 мм, 6 х 150 мм (SL)<br />\r\nОтвертки крестовые 2 х 100 мм, PH2 х 150 мм (PH)&nbsp;<br />\r\nКлючи комбинированные: 8, 10, 11, 12, 13, 14, 15, 17 мм<br />\r\nКлючи угловые, шестигранные (шестигранники) 1.5, 2, 2.5, 3, 4, 5, 6, 8, 10 мм<br />\r\nКлюч разводной: 8&quot;<br />\r\nКомбинированные плоскогубцы: 7&quot;<br />\r\nПлоскогубцы с длинными губками: 6&quot;<br />\r\nБиты для точных работ (прецизионные): PH00-SL1.5, PH0-SL2.5, T4-H2,T7-H1.5<br />\r\nРукоятка для прецизионных бит<br />\r\nРулетка: 3 м/10FT<br />\r\nМолоток: 300 г<br />\r\nСтрана регистрации бренда: Украина<br />\r\nГарантия: 12 месяцев</p>\r\n','5','3600.00','nabor_instrumentov_Alloid_38_78_predmetov_ni-3078p-151.jpg','100','nabor_instrumentov_Alloid_38_78_predmetov_ni-3078p-151-S.jpg','1','0','nabor_instrumentov_Alloid_38_78_predmetov_ni-3078p-151-B.jpg','1','<p><span style=\"color: rgb(34, 31, 31); font-family: Rozetka, Arial, Helvetica, FreeSans, &quot;Liberation Sans&quot;, &quot;Nimbus Sans L&quot;, sans-serif; font-size: 40px;\">Набор инструментов Alloid 3/8</span></p>\r\n','3800.00','','nabor_instrumentov_Alloid_38_78_predmetov_ni-3078p-151/','','13','','','','','Набор инструментов Alloid 3/8\" 78 предметов (НИ-3078П)','1','1','-1'),
 ('152','27','Комплект фильтров Thomas для пылесосов ХТ / ХS (787241)','<p>Тип: HEPA Фильтр<br />\r\nНазначение: К пылесосам, парогенераторам, мойкам<br />\r\nСтрана регистрации бренда: Германия</p>\r\n','1','1000.00','komplekt_filtrov_Thomas_dlya_pyilesosov_ht__hS_787241-152.jpg','100','komplekt_filtrov_Thomas_dlya_pyilesosov_ht__hS_787241-152-S.jpg','0','0','komplekt_filtrov_Thomas_dlya_pyilesosov_ht__hS_787241-152-B.jpg','1','<p>HEPA Фильтр</p>\r\n','1120.00','','komplekt_filtrov_Thomas_dlya_pyilesosov_ht__hS_787241-152/','','7','','','','','Комплект фильтров Thomas для пылесосов ХТ / ХS (787241)','1','1','-1'),
 ('153','28','PocketBook InkPad 3 740 Dark Brown (PB740-X-CIS)','<p>Количество градаций серого: 16<br />\r\nДиагональ дисплея: 8&quot;<br />\r\nТип матрицы: E Ink Carta<br />\r\nРазрешение: 1872x1404<br />\r\nВстроенная память: 8 ГБ<br />\r\nВес: 210 г<br />\r\nСтрана регистрации бренда: Швейцария</p>\r\n','4','14900.00','PocketBook_InkPad_3_740_Dark_Brown_PB740-X-CIS-153.jpg','100','PocketBook_InkPad_3_740_Dark_Brown_PB740-X-CIS-153-S.jpg','0','0','PocketBook_InkPad_3_740_Dark_Brown_PB740-X-CIS-153-B.jpg','1','','17000.00','39097624','PocketBook_InkPad_3_740_Dark_Brown_PB740-X-CIS-153/','','14','','','','','PocketBook InkPad 3 740 Dark Brown (PB740-X-CIS)','1','1','-1'),
 ('154','30','Установка защитной пленки на смартфон или планшет','<h2 class=\"detail-tabs-i-title\" style=\"margin: 0px 0px 14px; padding: 0px; font-family: Rozetka, Arial, Helvetica, FreeSans, &quot;Liberation Sans&quot;, &quot;Nimbus Sans L&quot;, sans-serif; line-height: 1.29167em; color: rgb(34, 31, 31); font-size: 24px;\">Описание&nbsp;<span class=\"detail-tabs-i-title-inner\" style=\"color: rgb(178, 178, 178);\">Установка защитной пленки на смартфон или планшет</span></h2>\r\n\r\n<div class=\"b-rich-text text-description-content\" id=\"short_text\" style=\"font-family: Arial, Helvetica, FreeSans, &quot;Liberation Sans&quot;, &quot;Nimbus Sans L&quot;, sans-serif; font-size: 1.07692em; line-height: 1.42857em; padding-top: 0px; color: rgb(77, 75, 75);\">\r\n<p style=\"margin: 0px 0px 20px; padding: 0px; line-height: 1.42857em; font-size: 1em;\">Сертификат позволяет установить защитную плёнку, на сенсорный экран смартфона или планшета.<br />\r\n<br />\r\nПрофессиональная и быстрая установка защитной плёнки избавит вас от хлопотной процедуры. И станет защитой экрана устройства сразу при покупке, не покидая территории магазина.<br />\r\n<br />\r\nЗащитная плёнка предоставляется клиентом, и не входит в стоимость сертификата.<br />\r\n<span id=\"copyinfo\" style=\"position: absolute; overflow: hidden; width: 1px; height: 1px;\">Подробнее:&nbsp;<a href=\"https://rozetka.com.ua/srvc0002/p32818983/\" style=\"text-decoration-line: none; outline: 0px; color: rgb(157, 95, 175);\">https://rozetka.com.ua/srvc0002/p32818983/</a></span></p>\r\n</div>\r\n','4','200.00','ustanovka_zaschitnoy_plenki_na_smartfon_ili_planshet-154.jpg','100','ustanovka_zaschitnoy_plenki_na_smartfon_ili_planshet-154-S.jpg','0','0','ustanovka_zaschitnoy_plenki_na_smartfon_ili_planshet-154-B.jpg','1','','215.00','9852559','ustanovka_zaschitnoy_plenki_na_smartfon_ili_planshet-154/','','0','','','','','Установка защитной пленки на смартфон или планшет','1','1','-1');
REPLACE INTO `SS_products_opt_val_variants` (`variantID`, `optionID`, `name`, `sort_order`) VALUES ('1','2','Красный','0'),
 ('2','2','Белый','0'),
 ('3','3','155','0'),
 ('4','1','234','0'),
 ('5','1','234234','0'),
 ('6','4','2','0'),
 ('7','4','3','0'),
 ('8','4','4','0'),
 ('9','3','121','0'),
 ('10','5','Красный','0'),
 ('11','5','Синий','0'),
 ('12','5','Черный','0');
REPLACE INTO `SS_share` (`id`, `type`, `type_val`, `value`, `code`, `default`) VALUES ('4','1','5','100000','','0'),
 ('12','3','0','0','по Городу','1'),
 ('17','3','0','3000','Облась (до 30км от города)','0'),
 ('25','1','3','50000','','0'),
 ('27','5','9','0','','0'),
 ('28','3','','0','','0');
REPLACE INTO `SS_special_offers` (`offerID`, `productID`, `sort_order`) VALUES ('49','151','0'),
 ('50','150','0'),
 ('51','145','0'),
 ('52','9','1'),
 ('53','137','2'),
 ('54','9','3'),
 ('55','140','4'),
 ('56','139','5');
REPLACE INTO `SS_tags` (`id`, `pid`, `tag`, `hurl`, `canonical`) VALUES ('90','115','Ноутбуки','noutbuki/',''),
 ('99','125','Samsung','samsung/',''),
 ('105','76','DVD','dvd/',''),
 ('106','72','DVD','dvd/',''),
 ('107','89','DVD','dvd/',''),
 ('108','73','DVD','dvd/',''),
 ('109','77','DVD','dvd/',''),
 ('110','78','DVD','dvd/',''),
 ('111','79','DVD','dvd/',''),
 ('112','44','DVD','dvd/',''),
 ('113','80','DVD','dvd/',''),
 ('116','82','DVD','dvd/',''),
 ('117','83','DVD','dvd/',''),
 ('118','84','DVD','dvd/',''),
 ('119','85','DVD','dvd/',''),
 ('120','87','DVD','dvd/',''),
 ('121','88','DVD','dvd/',''),
 ('122','90','DVD','dvd/',''),
 ('123','91','DVD','dvd/',''),
 ('124','92','DVD','dvd/',''),
 ('197','81','Monster','monster/',''),
 ('198','81','DVD','dvd/',''),
 ('199','25','Samsung','samsung/',''),
 ('204','121','Автомобили','avtomobili/',''),
 ('205','121','Mersedes','mersedes/',''),
 ('208','70','Автомобили','avtomobili/',''),
 ('209','70','Mersedes','mersedes/',''),
 ('212','1','Автомобили','avtomobili/',''),
 ('213','1','Toyota','toyota/',''),
 ('217','64','Кав”ярнi','kav”yarni/','');
REPLACE INTO `SS_thumb` (`thumbID`, `productID`, `picture`, `description`) VALUES ('1','1','lc103.jpeg','fgdgdfgdfg'),
 ('2','1','lc102.jpeg','345345345'),
 ('3','1','lc101.jpeg',''),
 ('4','132','20039762b1_4.jpg',''),
 ('6','132','20039762b3_6.jpg',''),
 ('7','134','c1e1f-clip-93kb_7.png',''),
 ('8','134','c1e1f-clip-93kb_8.png',''),
 ('11','9','copyartlinebusinessb21v075bd812d939f85images8343767080_11.jpg',''),
 ('12','9','copyartlinebusinessb21v075bd812d939f85images8343768154_12.jpg',''),
 ('13','9','copyartlinebusinessb21v075bd812d939f85images8343769354_13.jpg',''),
 ('14','9','copyartlinebusinessb21v075bd812d939f85images8343770152_14.jpg',''),
 ('15','9','copyartlinebusinessb21v075bd812d939f85images8343772402_15.jpg',''),
 ('16','137','everesthomeoffice10064109images7951666527_16.png',''),
 ('17','138','everest10052525images6521653246_17.jpg',''),
 ('18','138','everest10052525images6521654206_18.jpg',''),
 ('19','138','everest10052525images6521655046_19.jpg',''),
 ('20','138','everest10052525images6521656102_20.jpg',''),
 ('21','139','asustufgamingfx504gden06590nr00j3m14840images7174509450_1_21.jpg',''),
 ('22','139','asustufgamingfx504gden06590nr00j3m14840images7174509930_22.jpg',''),
 ('23','139','asustufgamingfx504gden06590nr00j3m14840images7174509930_23.jpg',''),
 ('24','139','asustufgamingfx504gden06590nr00j3m14840images7174510830_24.jpg',''),
 ('25','140','asustufgamingfx504gddm05890nr00j1m00850images7174485780_25.jpg',''),
 ('26','140','asustufgamingfx504gddm05890nr00j1m00850images7174486344_26.jpg',''),
 ('27','140','asustufgamingfx504gddm05890nr00j1m00850images7174486896_27.jpg',''),
 ('28','140','asustufgamingfx504gddm05890nr00j1m00850images7174487400_28.jpg',''),
 ('29','140','asustufgamingfx504gddm05890nr00j1m00850images7174487976_29.jpg',''),
 ('35','145','samsung-rb29fsrndsaimages4669777392_35.jpg',''),
 ('36','145','samsung-rb29fsrndsaimages4669779032_36.jpg',''),
 ('37','145','samsung-rb29fsrndsaimages4669800224_37.jpg',''),
 ('38','145','samsung-rb29fsrndsaimages4669805504_38.jpg',''),
 ('39','145','samsung-rb29fsrndsaimages4669812608_39.jpg',''),
 ('40','146','asustufgamingfx504gden06590nr00j3m14840images7174508892_40.jpg',''),
 ('41','146','asustufgamingfx504gden06590nr00j3m14840images7174509930_41.jpg',''),
 ('42','146','asustufgamingfx504gden06590nr00j3m14840images7174510416_42.jpg',''),
 ('43','146','asustufgamingfx504gden06590nr00j3m14840images7174510830_43.jpg',''),
 ('44','151','alloidni3078pimages2189662623_44.jpg',''),
 ('45','151','alloidni3078pimages2189662903_45.jpg',''),
 ('46','151','alloidni3078pimages2189663092_46.jpg',''),
 ('47','151','alloidni3078pimages2189662147_47.jpg',''),
 ('48','152','thomas787241images1756490009_48.jpg',''),
 ('49','153','pocketbookpb740xcisrozimages8659731862_49.jpg',''),
 ('50','153','pocketbookpb740xcisrozimages8659732975_50.jpg',''),
 ('51','153','pocketbookpb740xcisrozimages8659733689_51.jpg',''),
 ('52','153','pocketbookpb740xcisrozimages8659734102_52.jpg',''),
 ('53','153','pocketbookpb740xcisrozimages8659734361_53.jpg',''),
 ('54','153','pocketbookpb740xcisrozimages8659734809_54.jpg',''),
 ('55','153','pocketbookpb740xcisrozimages8659734984_55.jpg',''),
 ('56','153','pocketbookpb740xcisrozimages8659735691_56.jpg','');
REPLACE INTO `SS_votes` (`votesID`, `title`, `enable`) VALUES ('1','Вам нравится Legosp?','1');
REPLACE INTO `SS_votes_content` (`votesID`, `ID`, `question`, `result`) VALUES ('1','1','Безумно!','12'),
 ('1','2','Да','24'),
 ('1','3','Сойдет','17'),
 ('1','4','Так себе','4'),
 ('1','5','Полная хрень!','11'),
 ('1','6','','0'),
 ('1','7','','0'),
 ('1','8','','0'),
 ('1','9','','0'),
 ('1','10','','0');
